C:\Users\pc\Desktop\New folder (2)\IMG\center_2020_08_20_14_36_18_493.jpg,C:\Users\pc\Desktop\New folder (2)\IMG\left_2020_08_20_14_36_18_493.jpg,C:\Users\pc\Desktop\New folder (2)\IMG\right_2020_08_20_14_36_18_493.jpg,0,0,0,20.63734
C:\Users\pc\Desktop\New folder (2)\IMG\center_2020_08_20_14_36_18_561.jpg,C:\Users\pc\Desktop\New folder (2)\IMG\left_2020_08_20_14_36_18_561.jpg,C:\Users\pc\Desktop\New folder (2)\IMG\right_2020_08_20_14_36_18_561.jpg,0,0,0,20.4709
C:\Users\pc\Desktop\New folder (2)\IMG\center_2020_08_20_14_36_18_630.jpg,C:\Users\pc\Desktop\New folder (2)\IMG\left_2020_08_20_14_36_18_630.jpg,C:\Users\pc\Desktop\New folder (2)\IMG\right_2020_08_20_14_36_18_630.jpg,0,0,0,20.34728
C:\Users\pc\Desktop\New folder (2)\IMG\center_2020_08_20_14_36_18_698.jpg,C:\Users\pc\Desktop\New folder (2)\IMG\left_2020_08_20_14_36_18_698.jpg,C:\Users\pc\Desktop\New folder (2)\IMG\right_2020_08_20_14_36_18_698.jpg,0,0,0,20.18367
C:\Users\pc\Desktop\New folder (2)\IMG\center_2020_08_20_14_36_18_766.jpg,C:\Users\pc\Desktop\New folder (2)\IMG\left_2020_08_20_14_36_18_766.jpg,C:\Users\pc\Desktop\New folder (2)\IMG\right_2020_08_20_14_36_18_766.jpg,0,0,0,20.06181
C:\Users\pc\Desktop\New folder (2)\IMG\center_2020_08_20_14_36_18_836.jpg,C:\Users\pc\Desktop\New folder (2)\IMG\left_2020_08_20_14_36_18_836.jpg,C:\Users\pc\Desktop\New folder (2)\IMG\right_2020_08_20_14_36_18_836.jpg,0,0,0,19.94067
C:\Users\pc\Desktop\New folder (2)\IMG\center_2020_08_20_14_36_18_904.jpg,C:\Users\pc\Desktop\New folder (2)\IMG\left_2020_08_20_14_36_18_904.jpg,C:\Users\pc\Desktop\New folder (2)\IMG\right_2020_08_20_14_36_18_904.jpg,0,0,0,19.78033
C:\Users\pc\Desktop\New folder (2)\IMG\center_2020_08_20_14_36_18_973.jpg,C:\Users\pc\Desktop\New folder (2)\IMG\left_2020_08_20_14_36_18_973.jpg,C:\Users\pc\Desktop\New folder (2)\IMG\right_2020_08_20_14_36_18_973.jpg,0,0,0,19.66112
C:\Users\pc\Desktop\New folder (2)\IMG\center_2020_08_20_14_36_19_044.jpg,C:\Users\pc\Desktop\New folder (2)\IMG\left_2020_08_20_14_36_19_044.jpg,C:\Users\pc\Desktop\New folder (2)\IMG\right_2020_08_20_14_36_19_044.jpg,0,0,0,19.50334
C:\Users\pc\Desktop\New folder (2)\IMG\center_2020_08_20_14_36_19_113.jpg,C:\Users\pc\Desktop\New folder (2)\IMG\left_2020_08_20_14_36_19_113.jpg,C:\Users\pc\Desktop\New folder (2)\IMG\right_2020_08_20_14_36_19_113.jpg,0,0,0,19.38585
C:\Users\pc\Desktop\New folder (2)\IMG\center_2020_08_20_14_36_19_182.jpg,C:\Users\pc\Desktop\New folder (2)\IMG\left_2020_08_20_14_36_19_182.jpg,C:\Users\pc\Desktop\New folder (2)\IMG\right_2020_08_20_14_36_19_182.jpg,0,0,0,19.23028
C:\Users\pc\Desktop\New folder (2)\IMG\center_2020_08_20_14_36_19_252.jpg,C:\Users\pc\Desktop\New folder (2)\IMG\left_2020_08_20_14_36_19_252.jpg,C:\Users\pc\Desktop\New folder (2)\IMG\right_2020_08_20_14_36_19_252.jpg,0,0,0,19.11438
C:\Users\pc\Desktop\New folder (2)\IMG\center_2020_08_20_14_36_19_325.jpg,C:\Users\pc\Desktop\New folder (2)\IMG\left_2020_08_20_14_36_19_325.jpg,C:\Users\pc\Desktop\New folder (2)\IMG\right_2020_08_20_14_36_19_325.jpg,0,0,0,18.96096
C:\Users\pc\Desktop\New folder (2)\IMG\center_2020_08_20_14_36_19_395.jpg,C:\Users\pc\Desktop\New folder (2)\IMG\left_2020_08_20_14_36_19_395.jpg,C:\Users\pc\Desktop\New folder (2)\IMG\right_2020_08_20_14_36_19_395.jpg,0,0,0,18.84699
C:\Users\pc\Desktop\New folder (2)\IMG\center_2020_08_20_14_36_19_465.jpg,C:\Users\pc\Desktop\New folder (2)\IMG\left_2020_08_20_14_36_19_465.jpg,C:\Users\pc\Desktop\New folder (2)\IMG\right_2020_08_20_14_36_19_465.jpg,0,0,0,18.69653
C:\Users\pc\Desktop\New folder (2)\IMG\center_2020_08_20_14_36_19_534.jpg,C:\Users\pc\Desktop\New folder (2)\IMG\left_2020_08_20_14_36_19_534.jpg,C:\Users\pc\Desktop\New folder (2)\IMG\right_2020_08_20_14_36_19_534.jpg,0,0,0,18.58413
C:\Users\pc\Desktop\New folder (2)\IMG\center_2020_08_20_14_36_19_603.jpg,C:\Users\pc\Desktop\New folder (2)\IMG\left_2020_08_20_14_36_19_603.jpg,C:\Users\pc\Desktop\New folder (2)\IMG\right_2020_08_20_14_36_19_603.jpg,0,0,0,18.43546
C:\Users\pc\Desktop\New folder (2)\IMG\center_2020_08_20_14_36_19_672.jpg,C:\Users\pc\Desktop\New folder (2)\IMG\left_2020_08_20_14_36_19_672.jpg,C:\Users\pc\Desktop\New folder (2)\IMG\right_2020_08_20_14_36_19_672.jpg,0,0,0,18.3265
C:\Users\pc\Desktop\New folder (2)\IMG\center_2020_08_20_14_36_19_740.jpg,C:\Users\pc\Desktop\New folder (2)\IMG\left_2020_08_20_14_36_19_740.jpg,C:\Users\pc\Desktop\New folder (2)\IMG\right_2020_08_20_14_36_19_740.jpg,0,0,0,18.18203
C:\Users\pc\Desktop\New folder (2)\IMG\center_2020_08_20_14_36_19_807.jpg,C:\Users\pc\Desktop\New folder (2)\IMG\left_2020_08_20_14_36_19_807.jpg,C:\Users\pc\Desktop\New folder (2)\IMG\right_2020_08_20_14_36_19_807.jpg,0,0,0,18.06421
C:\Users\pc\Desktop\New folder (2)\IMG\center_2020_08_20_14_36_19_876.jpg,C:\Users\pc\Desktop\New folder (2)\IMG\left_2020_08_20_14_36_19_876.jpg,C:\Users\pc\Desktop\New folder (2)\IMG\right_2020_08_20_14_36_19_876.jpg,0,0,0,17.98043
C:\Users\pc\Desktop\New folder (2)\IMG\center_2020_08_20_14_36_19_944.jpg,C:\Users\pc\Desktop\New folder (2)\IMG\left_2020_08_20_14_36_19_944.jpg,C:\Users\pc\Desktop\New folder (2)\IMG\right_2020_08_20_14_36_19_944.jpg,0,0,0,17.90383
C:\Users\pc\Desktop\New folder (2)\IMG\center_2020_08_20_14_36_20_011.jpg,C:\Users\pc\Desktop\New folder (2)\IMG\left_2020_08_20_14_36_20_011.jpg,C:\Users\pc\Desktop\New folder (2)\IMG\right_2020_08_20_14_36_20_011.jpg,0,0,0,17.55487
C:\Users\pc\Desktop\New folder (2)\IMG\center_2020_08_20_14_36_20_081.jpg,C:\Users\pc\Desktop\New folder (2)\IMG\left_2020_08_20_14_36_20_081.jpg,C:\Users\pc\Desktop\New folder (2)\IMG\right_2020_08_20_14_36_20_081.jpg,0,0,0,17.33498
C:\Users\pc\Desktop\New folder (2)\IMG\center_2020_08_20_14_36_20_151.jpg,C:\Users\pc\Desktop\New folder (2)\IMG\left_2020_08_20_14_36_20_151.jpg,C:\Users\pc\Desktop\New folder (2)\IMG\right_2020_08_20_14_36_20_151.jpg,0,0,0,17.67392
C:\Users\pc\Desktop\New folder (2)\IMG\center_2020_08_20_14_36_20_219.jpg,C:\Users\pc\Desktop\New folder (2)\IMG\left_2020_08_20_14_36_20_219.jpg,C:\Users\pc\Desktop\New folder (2)\IMG\right_2020_08_20_14_36_20_219.jpg,0,0,0,17.54701
C:\Users\pc\Desktop\New folder (2)\IMG\center_2020_08_20_14_36_20_288.jpg,C:\Users\pc\Desktop\New folder (2)\IMG\left_2020_08_20_14_36_20_288.jpg,C:\Users\pc\Desktop\New folder (2)\IMG\right_2020_08_20_14_36_20_288.jpg,0,0,0,16.91339
C:\Users\pc\Desktop\New folder (2)\IMG\center_2020_08_20_14_36_20_360.jpg,C:\Users\pc\Desktop\New folder (2)\IMG\left_2020_08_20_14_36_20_360.jpg,C:\Users\pc\Desktop\New folder (2)\IMG\right_2020_08_20_14_36_20_360.jpg,0,0,0,16.77488
C:\Users\pc\Desktop\New folder (2)\IMG\center_2020_08_20_14_36_20_428.jpg,C:\Users\pc\Desktop\New folder (2)\IMG\left_2020_08_20_14_36_20_428.jpg,C:\Users\pc\Desktop\New folder (2)\IMG\right_2020_08_20_14_36_20_428.jpg,0,0,0,17.21202
C:\Users\pc\Desktop\New folder (2)\IMG\center_2020_08_20_14_36_20_500.jpg,C:\Users\pc\Desktop\New folder (2)\IMG\left_2020_08_20_14_36_20_500.jpg,C:\Users\pc\Desktop\New folder (2)\IMG\right_2020_08_20_14_36_20_500.jpg,0.05,0,0,17.07577
C:\Users\pc\Desktop\New folder (2)\IMG\center_2020_08_20_14_36_20_567.jpg,C:\Users\pc\Desktop\New folder (2)\IMG\left_2020_08_20_14_36_20_567.jpg,C:\Users\pc\Desktop\New folder (2)\IMG\right_2020_08_20_14_36_20_567.jpg,0.2,0,0,16.42975
C:\Users\pc\Desktop\New folder (2)\IMG\center_2020_08_20_14_36_20_638.jpg,C:\Users\pc\Desktop\New folder (2)\IMG\left_2020_08_20_14_36_20_638.jpg,C:\Users\pc\Desktop\New folder (2)\IMG\right_2020_08_20_14_36_20_638.jpg,0.4,0,0,16.24794
C:\Users\pc\Desktop\New folder (2)\IMG\center_2020_08_20_14_36_20_705.jpg,C:\Users\pc\Desktop\New folder (2)\IMG\left_2020_08_20_14_36_20_705.jpg,C:\Users\pc\Desktop\New folder (2)\IMG\right_2020_08_20_14_36_20_705.jpg,0.5500001,0,0,16.56478
C:\Users\pc\Desktop\New folder (2)\IMG\center_2020_08_20_14_36_20_774.jpg,C:\Users\pc\Desktop\New folder (2)\IMG\left_2020_08_20_14_36_20_774.jpg,C:\Users\pc\Desktop\New folder (2)\IMG\right_2020_08_20_14_36_20_774.jpg,0.7,0,0,15.88286
C:\Users\pc\Desktop\New folder (2)\IMG\center_2020_08_20_14_36_20_844.jpg,C:\Users\pc\Desktop\New folder (2)\IMG\left_2020_08_20_14_36_20_844.jpg,C:\Users\pc\Desktop\New folder (2)\IMG\right_2020_08_20_14_36_20_844.jpg,0.9000002,0,0,15.58801
C:\Users\pc\Desktop\New folder (2)\IMG\center_2020_08_20_14_36_20_911.jpg,C:\Users\pc\Desktop\New folder (2)\IMG\left_2020_08_20_14_36_20_911.jpg,C:\Users\pc\Desktop\New folder (2)\IMG\right_2020_08_20_14_36_20_911.jpg,1,0,0,15.82682
C:\Users\pc\Desktop\New folder (2)\IMG\center_2020_08_20_14_36_20_981.jpg,C:\Users\pc\Desktop\New folder (2)\IMG\left_2020_08_20_14_36_20_981.jpg,C:\Users\pc\Desktop\New folder (2)\IMG\right_2020_08_20_14_36_20_981.jpg,0,0,0,15.57653
C:\Users\pc\Desktop\New folder (2)\IMG\center_2020_08_20_14_36_21_050.jpg,C:\Users\pc\Desktop\New folder (2)\IMG\left_2020_08_20_14_36_21_050.jpg,C:\Users\pc\Desktop\New folder (2)\IMG\right_2020_08_20_14_36_21_050.jpg,0,0,0,14.95953
C:\Users\pc\Desktop\New folder (2)\IMG\center_2020_08_20_14_36_21_119.jpg,C:\Users\pc\Desktop\New folder (2)\IMG\left_2020_08_20_14_36_21_119.jpg,C:\Users\pc\Desktop\New folder (2)\IMG\right_2020_08_20_14_36_21_119.jpg,0,0,0,14.77826
C:\Users\pc\Desktop\New folder (2)\IMG\center_2020_08_20_14_36_21_187.jpg,C:\Users\pc\Desktop\New folder (2)\IMG\left_2020_08_20_14_36_21_187.jpg,C:\Users\pc\Desktop\New folder (2)\IMG\right_2020_08_20_14_36_21_187.jpg,0,0,0,15.24425
C:\Users\pc\Desktop\New folder (2)\IMG\center_2020_08_20_14_36_21_256.jpg,C:\Users\pc\Desktop\New folder (2)\IMG\left_2020_08_20_14_36_21_256.jpg,C:\Users\pc\Desktop\New folder (2)\IMG\right_2020_08_20_14_36_21_256.jpg,0,0,0,14.60651
C:\Users\pc\Desktop\New folder (2)\IMG\center_2020_08_20_14_36_21_323.jpg,C:\Users\pc\Desktop\New folder (2)\IMG\left_2020_08_20_14_36_21_323.jpg,C:\Users\pc\Desktop\New folder (2)\IMG\right_2020_08_20_14_36_21_323.jpg,0,0,0,14.52416
C:\Users\pc\Desktop\New folder (2)\IMG\center_2020_08_20_14_36_21_394.jpg,C:\Users\pc\Desktop\New folder (2)\IMG\left_2020_08_20_14_36_21_394.jpg,C:\Users\pc\Desktop\New folder (2)\IMG\right_2020_08_20_14_36_21_394.jpg,0,0,0,14.95222
C:\Users\pc\Desktop\New folder (2)\IMG\center_2020_08_20_14_36_21_462.jpg,C:\Users\pc\Desktop\New folder (2)\IMG\left_2020_08_20_14_36_21_462.jpg,C:\Users\pc\Desktop\New folder (2)\IMG\right_2020_08_20_14_36_21_462.jpg,0.15,0,0,14.82707
C:\Users\pc\Desktop\New folder (2)\IMG\center_2020_08_20_14_36_21_529.jpg,C:\Users\pc\Desktop\New folder (2)\IMG\left_2020_08_20_14_36_21_529.jpg,C:\Users\pc\Desktop\New folder (2)\IMG\right_2020_08_20_14_36_21_529.jpg,0.3,0,0,14.21091
C:\Users\pc\Desktop\New folder (2)\IMG\center_2020_08_20_14_36_21_598.jpg,C:\Users\pc\Desktop\New folder (2)\IMG\left_2020_08_20_14_36_21_598.jpg,C:\Users\pc\Desktop\New folder (2)\IMG\right_2020_08_20_14_36_21_598.jpg,0.5000001,0,0,14.01289
C:\Users\pc\Desktop\New folder (2)\IMG\center_2020_08_20_14_36_21_666.jpg,C:\Users\pc\Desktop\New folder (2)\IMG\left_2020_08_20_14_36_21_666.jpg,C:\Users\pc\Desktop\New folder (2)\IMG\right_2020_08_20_14_36_21_666.jpg,0.6500001,0,0,14.34064
C:\Users\pc\Desktop\New folder (2)\IMG\center_2020_08_20_14_36_21_737.jpg,C:\Users\pc\Desktop\New folder (2)\IMG\left_2020_08_20_14_36_21_737.jpg,C:\Users\pc\Desktop\New folder (2)\IMG\right_2020_08_20_14_36_21_737.jpg,0.8000001,0,0,13.66886
C:\Users\pc\Desktop\New folder (2)\IMG\center_2020_08_20_14_36_21_804.jpg,C:\Users\pc\Desktop\New folder (2)\IMG\left_2020_08_20_14_36_21_804.jpg,C:\Users\pc\Desktop\New folder (2)\IMG\right_2020_08_20_14_36_21_804.jpg,1,0,0,13.41912
C:\Users\pc\Desktop\New folder (2)\IMG\center_2020_08_20_14_36_21_873.jpg,C:\Users\pc\Desktop\New folder (2)\IMG\left_2020_08_20_14_36_21_873.jpg,C:\Users\pc\Desktop\New folder (2)\IMG\right_2020_08_20_14_36_21_873.jpg,0,0,0,13.65925
C:\Users\pc\Desktop\New folder (2)\IMG\center_2020_08_20_14_36_21_944.jpg,C:\Users\pc\Desktop\New folder (2)\IMG\left_2020_08_20_14_36_21_944.jpg,C:\Users\pc\Desktop\New folder (2)\IMG\right_2020_08_20_14_36_21_944.jpg,0,0,0,13.46219
C:\Users\pc\Desktop\New folder (2)\IMG\center_2020_08_20_14_36_22_012.jpg,C:\Users\pc\Desktop\New folder (2)\IMG\left_2020_08_20_14_36_22_012.jpg,C:\Users\pc\Desktop\New folder (2)\IMG\right_2020_08_20_14_36_22_012.jpg,0,0,0,12.89314
C:\Users\pc\Desktop\New folder (2)\IMG\center_2020_08_20_14_36_22_081.jpg,C:\Users\pc\Desktop\New folder (2)\IMG\left_2020_08_20_14_36_22_081.jpg,C:\Users\pc\Desktop\New folder (2)\IMG\right_2020_08_20_14_36_22_081.jpg,0,0,0,12.76272
C:\Users\pc\Desktop\New folder (2)\IMG\center_2020_08_20_14_36_22_149.jpg,C:\Users\pc\Desktop\New folder (2)\IMG\left_2020_08_20_14_36_22_149.jpg,C:\Users\pc\Desktop\New folder (2)\IMG\right_2020_08_20_14_36_22_149.jpg,0,0,0,13.17099
C:\Users\pc\Desktop\New folder (2)\IMG\center_2020_08_20_14_36_22_216.jpg,C:\Users\pc\Desktop\New folder (2)\IMG\left_2020_08_20_14_36_22_216.jpg,C:\Users\pc\Desktop\New folder (2)\IMG\right_2020_08_20_14_36_22_216.jpg,0,0,0,12.60428
C:\Users\pc\Desktop\New folder (2)\IMG\center_2020_08_20_14_36_22_284.jpg,C:\Users\pc\Desktop\New folder (2)\IMG\left_2020_08_20_14_36_22_284.jpg,C:\Users\pc\Desktop\New folder (2)\IMG\right_2020_08_20_14_36_22_284.jpg,0,0,0,12.57403
C:\Users\pc\Desktop\New folder (2)\IMG\center_2020_08_20_14_36_22_353.jpg,C:\Users\pc\Desktop\New folder (2)\IMG\left_2020_08_20_14_36_22_353.jpg,C:\Users\pc\Desktop\New folder (2)\IMG\right_2020_08_20_14_36_22_353.jpg,0,0,0,12.93122
C:\Users\pc\Desktop\New folder (2)\IMG\center_2020_08_20_14_36_22_421.jpg,C:\Users\pc\Desktop\New folder (2)\IMG\left_2020_08_20_14_36_22_421.jpg,C:\Users\pc\Desktop\New folder (2)\IMG\right_2020_08_20_14_36_22_421.jpg,0.15,0,0,12.82126
C:\Users\pc\Desktop\New folder (2)\IMG\center_2020_08_20_14_36_22_491.jpg,C:\Users\pc\Desktop\New folder (2)\IMG\left_2020_08_20_14_36_22_491.jpg,C:\Users\pc\Desktop\New folder (2)\IMG\right_2020_08_20_14_36_22_491.jpg,0.3,0,0,12.26052
C:\Users\pc\Desktop\New folder (2)\IMG\center_2020_08_20_14_36_22_562.jpg,C:\Users\pc\Desktop\New folder (2)\IMG\left_2020_08_20_14_36_22_562.jpg,C:\Users\pc\Desktop\New folder (2)\IMG\right_2020_08_20_14_36_22_562.jpg,0.5000001,0,0,12.1462
C:\Users\pc\Desktop\New folder (2)\IMG\center_2020_08_20_14_36_22_631.jpg,C:\Users\pc\Desktop\New folder (2)\IMG\left_2020_08_20_14_36_22_631.jpg,C:\Users\pc\Desktop\New folder (2)\IMG\right_2020_08_20_14_36_22_631.jpg,0.6500001,0,0,12.24734
C:\Users\pc\Desktop\New folder (2)\IMG\center_2020_08_20_14_36_22_699.jpg,C:\Users\pc\Desktop\New folder (2)\IMG\left_2020_08_20_14_36_22_699.jpg,C:\Users\pc\Desktop\New folder (2)\IMG\right_2020_08_20_14_36_22_699.jpg,0.8500001,0,0,12.04609
C:\Users\pc\Desktop\New folder (2)\IMG\center_2020_08_20_14_36_22_767.jpg,C:\Users\pc\Desktop\New folder (2)\IMG\left_2020_08_20_14_36_22_767.jpg,C:\Users\pc\Desktop\New folder (2)\IMG\right_2020_08_20_14_36_22_767.jpg,1,0,0,11.70951
C:\Users\pc\Desktop\New folder (2)\IMG\center_2020_08_20_14_36_22_835.jpg,C:\Users\pc\Desktop\New folder (2)\IMG\left_2020_08_20_14_36_22_835.jpg,C:\Users\pc\Desktop\New folder (2)\IMG\right_2020_08_20_14_36_22_835.jpg,0,0,0,11.64919
C:\Users\pc\Desktop\New folder (2)\IMG\center_2020_08_20_14_36_22_906.jpg,C:\Users\pc\Desktop\New folder (2)\IMG\left_2020_08_20_14_36_22_906.jpg,C:\Users\pc\Desktop\New folder (2)\IMG\right_2020_08_20_14_36_22_906.jpg,0,0,0,11.36232
C:\Users\pc\Desktop\New folder (2)\IMG\center_2020_08_20_14_36_22_976.jpg,C:\Users\pc\Desktop\New folder (2)\IMG\left_2020_08_20_14_36_22_976.jpg,C:\Users\pc\Desktop\New folder (2)\IMG\right_2020_08_20_14_36_22_976.jpg,0,0,0,11.35848
C:\Users\pc\Desktop\New folder (2)\IMG\center_2020_08_20_14_36_23_043.jpg,C:\Users\pc\Desktop\New folder (2)\IMG\left_2020_08_20_14_36_23_043.jpg,C:\Users\pc\Desktop\New folder (2)\IMG\right_2020_08_20_14_36_23_043.jpg,0,0,0,11.10028
C:\Users\pc\Desktop\New folder (2)\IMG\center_2020_08_20_14_36_23_113.jpg,C:\Users\pc\Desktop\New folder (2)\IMG\left_2020_08_20_14_36_23_113.jpg,C:\Users\pc\Desktop\New folder (2)\IMG\right_2020_08_20_14_36_23_113.jpg,0,0,0,11.09453
C:\Users\pc\Desktop\New folder (2)\IMG\center_2020_08_20_14_36_23_183.jpg,C:\Users\pc\Desktop\New folder (2)\IMG\left_2020_08_20_14_36_23_183.jpg,C:\Users\pc\Desktop\New folder (2)\IMG\right_2020_08_20_14_36_23_183.jpg,0,0,0,11.00518
C:\Users\pc\Desktop\New folder (2)\IMG\center_2020_08_20_14_36_23_250.jpg,C:\Users\pc\Desktop\New folder (2)\IMG\left_2020_08_20_14_36_23_250.jpg,C:\Users\pc\Desktop\New folder (2)\IMG\right_2020_08_20_14_36_23_250.jpg,0,0.04358229,0,10.94539
C:\Users\pc\Desktop\New folder (2)\IMG\center_2020_08_20_14_36_23_320.jpg,C:\Users\pc\Desktop\New folder (2)\IMG\left_2020_08_20_14_36_23_320.jpg,C:\Users\pc\Desktop\New folder (2)\IMG\right_2020_08_20_14_36_23_320.jpg,0,0.2821823,0,11.02541
C:\Users\pc\Desktop\New folder (2)\IMG\center_2020_08_20_14_36_23_390.jpg,C:\Users\pc\Desktop\New folder (2)\IMG\left_2020_08_20_14_36_23_390.jpg,C:\Users\pc\Desktop\New folder (2)\IMG\right_2020_08_20_14_36_23_390.jpg,0,0.4643641,0,11.23365
C:\Users\pc\Desktop\New folder (2)\IMG\center_2020_08_20_14_36_23_460.jpg,C:\Users\pc\Desktop\New folder (2)\IMG\left_2020_08_20_14_36_23_460.jpg,C:\Users\pc\Desktop\New folder (2)\IMG\right_2020_08_20_14_36_23_460.jpg,0,0.70122,0,11.34035
C:\Users\pc\Desktop\New folder (2)\IMG\center_2020_08_20_14_36_23_528.jpg,C:\Users\pc\Desktop\New folder (2)\IMG\left_2020_08_20_14_36_23_528.jpg,C:\Users\pc\Desktop\New folder (2)\IMG\right_2020_08_20_14_36_23_528.jpg,0,0.8767077,0,12.03739
C:\Users\pc\Desktop\New folder (2)\IMG\center_2020_08_20_14_36_23_598.jpg,C:\Users\pc\Desktop\New folder (2)\IMG\left_2020_08_20_14_36_23_598.jpg,C:\Users\pc\Desktop\New folder (2)\IMG\right_2020_08_20_14_36_23_598.jpg,0,1,0,13.09396
C:\Users\pc\Desktop\New folder (2)\IMG\center_2020_08_20_14_36_23_668.jpg,C:\Users\pc\Desktop\New folder (2)\IMG\left_2020_08_20_14_36_23_668.jpg,C:\Users\pc\Desktop\New folder (2)\IMG\right_2020_08_20_14_36_23_668.jpg,0,1,0,13.72828
C:\Users\pc\Desktop\New folder (2)\IMG\center_2020_08_20_14_36_23_736.jpg,C:\Users\pc\Desktop\New folder (2)\IMG\left_2020_08_20_14_36_23_736.jpg,C:\Users\pc\Desktop\New folder (2)\IMG\right_2020_08_20_14_36_23_736.jpg,0.05,1,0,14.3103
C:\Users\pc\Desktop\New folder (2)\IMG\center_2020_08_20_14_36_23_804.jpg,C:\Users\pc\Desktop\New folder (2)\IMG\left_2020_08_20_14_36_23_804.jpg,C:\Users\pc\Desktop\New folder (2)\IMG\right_2020_08_20_14_36_23_804.jpg,0.25,1,0,15.11516
C:\Users\pc\Desktop\New folder (2)\IMG\center_2020_08_20_14_36_23_872.jpg,C:\Users\pc\Desktop\New folder (2)\IMG\left_2020_08_20_14_36_23_872.jpg,C:\Users\pc\Desktop\New folder (2)\IMG\right_2020_08_20_14_36_23_872.jpg,0.4,1,0,15.80761
C:\Users\pc\Desktop\New folder (2)\IMG\center_2020_08_20_14_36_23_940.jpg,C:\Users\pc\Desktop\New folder (2)\IMG\left_2020_08_20_14_36_23_940.jpg,C:\Users\pc\Desktop\New folder (2)\IMG\right_2020_08_20_14_36_23_940.jpg,0.6000001,1,0,16.5547
C:\Users\pc\Desktop\New folder (2)\IMG\center_2020_08_20_14_36_24_007.jpg,C:\Users\pc\Desktop\New folder (2)\IMG\left_2020_08_20_14_36_24_007.jpg,C:\Users\pc\Desktop\New folder (2)\IMG\right_2020_08_20_14_36_24_007.jpg,0.7500002,1,0,16.96392
C:\Users\pc\Desktop\New folder (2)\IMG\center_2020_08_20_14_36_24_079.jpg,C:\Users\pc\Desktop\New folder (2)\IMG\left_2020_08_20_14_36_24_079.jpg,C:\Users\pc\Desktop\New folder (2)\IMG\right_2020_08_20_14_36_24_079.jpg,0,0.766767,0,17.65195
C:\Users\pc\Desktop\New folder (2)\IMG\center_2020_08_20_14_36_24_146.jpg,C:\Users\pc\Desktop\New folder (2)\IMG\left_2020_08_20_14_36_24_146.jpg,C:\Users\pc\Desktop\New folder (2)\IMG\right_2020_08_20_14_36_24_146.jpg,0,0.5862325,0,18.07753
C:\Users\pc\Desktop\New folder (2)\IMG\center_2020_08_20_14_36_24_214.jpg,C:\Users\pc\Desktop\New folder (2)\IMG\left_2020_08_20_14_36_24_214.jpg,C:\Users\pc\Desktop\New folder (2)\IMG\right_2020_08_20_14_36_24_214.jpg,0.1,0.4075428,0,18.17688
C:\Users\pc\Desktop\New folder (2)\IMG\center_2020_08_20_14_36_24_282.jpg,C:\Users\pc\Desktop\New folder (2)\IMG\left_2020_08_20_14_36_24_282.jpg,C:\Users\pc\Desktop\New folder (2)\IMG\right_2020_08_20_14_36_24_282.jpg,0.3,0.159512,0,18.20037
C:\Users\pc\Desktop\New folder (2)\IMG\center_2020_08_20_14_36_24_350.jpg,C:\Users\pc\Desktop\New folder (2)\IMG\left_2020_08_20_14_36_24_350.jpg,C:\Users\pc\Desktop\New folder (2)\IMG\right_2020_08_20_14_36_24_350.jpg,0.45,0,0,18.41181
C:\Users\pc\Desktop\New folder (2)\IMG\center_2020_08_20_14_36_24_419.jpg,C:\Users\pc\Desktop\New folder (2)\IMG\left_2020_08_20_14_36_24_419.jpg,C:\Users\pc\Desktop\New folder (2)\IMG\right_2020_08_20_14_36_24_419.jpg,0,0,0,18.26002
C:\Users\pc\Desktop\New folder (2)\IMG\center_2020_08_20_14_36_24_488.jpg,C:\Users\pc\Desktop\New folder (2)\IMG\left_2020_08_20_14_36_24_488.jpg,C:\Users\pc\Desktop\New folder (2)\IMG\right_2020_08_20_14_36_24_488.jpg,0.15,0,0,17.6832
C:\Users\pc\Desktop\New folder (2)\IMG\center_2020_08_20_14_36_24_560.jpg,C:\Users\pc\Desktop\New folder (2)\IMG\left_2020_08_20_14_36_24_560.jpg,C:\Users\pc\Desktop\New folder (2)\IMG\right_2020_08_20_14_36_24_560.jpg,0.35,0,0,17.5081
C:\Users\pc\Desktop\New folder (2)\IMG\center_2020_08_20_14_36_24_626.jpg,C:\Users\pc\Desktop\New folder (2)\IMG\left_2020_08_20_14_36_24_626.jpg,C:\Users\pc\Desktop\New folder (2)\IMG\right_2020_08_20_14_36_24_626.jpg,0.5000001,0,0,17.81924
C:\Users\pc\Desktop\New folder (2)\IMG\center_2020_08_20_14_36_24_696.jpg,C:\Users\pc\Desktop\New folder (2)\IMG\left_2020_08_20_14_36_24_696.jpg,C:\Users\pc\Desktop\New folder (2)\IMG\right_2020_08_20_14_36_24_696.jpg,0.6500001,0,0,17.15425
C:\Users\pc\Desktop\New folder (2)\IMG\center_2020_08_20_14_36_24_763.jpg,C:\Users\pc\Desktop\New folder (2)\IMG\left_2020_08_20_14_36_24_763.jpg,C:\Users\pc\Desktop\New folder (2)\IMG\right_2020_08_20_14_36_24_763.jpg,0.8500001,0,0,16.86103
C:\Users\pc\Desktop\New folder (2)\IMG\center_2020_08_20_14_36_24_833.jpg,C:\Users\pc\Desktop\New folder (2)\IMG\left_2020_08_20_14_36_24_833.jpg,C:\Users\pc\Desktop\New folder (2)\IMG\right_2020_08_20_14_36_24_833.jpg,1,0,0,17.04455
C:\Users\pc\Desktop\New folder (2)\IMG\center_2020_08_20_14_36_24_902.jpg,C:\Users\pc\Desktop\New folder (2)\IMG\left_2020_08_20_14_36_24_902.jpg,C:\Users\pc\Desktop\New folder (2)\IMG\right_2020_08_20_14_36_24_902.jpg,1,0,0,16.77781
C:\Users\pc\Desktop\New folder (2)\IMG\center_2020_08_20_14_36_24_973.jpg,C:\Users\pc\Desktop\New folder (2)\IMG\left_2020_08_20_14_36_24_973.jpg,C:\Users\pc\Desktop\New folder (2)\IMG\right_2020_08_20_14_36_24_973.jpg,1,0,0,16.12641
C:\Users\pc\Desktop\New folder (2)\IMG\center_2020_08_20_14_36_25_045.jpg,C:\Users\pc\Desktop\New folder (2)\IMG\left_2020_08_20_14_36_25_045.jpg,C:\Users\pc\Desktop\New folder (2)\IMG\right_2020_08_20_14_36_25_045.jpg,0,0,0,15.9408
C:\Users\pc\Desktop\New folder (2)\IMG\center_2020_08_20_14_36_25_112.jpg,C:\Users\pc\Desktop\New folder (2)\IMG\left_2020_08_20_14_36_25_112.jpg,C:\Users\pc\Desktop\New folder (2)\IMG\right_2020_08_20_14_36_25_112.jpg,0,0,0,16.17294
C:\Users\pc\Desktop\New folder (2)\IMG\center_2020_08_20_14_36_25_184.jpg,C:\Users\pc\Desktop\New folder (2)\IMG\left_2020_08_20_14_36_25_184.jpg,C:\Users\pc\Desktop\New folder (2)\IMG\right_2020_08_20_14_36_25_184.jpg,0,0,0,15.98733
C:\Users\pc\Desktop\New folder (2)\IMG\center_2020_08_20_14_36_25_252.jpg,C:\Users\pc\Desktop\New folder (2)\IMG\left_2020_08_20_14_36_25_252.jpg,C:\Users\pc\Desktop\New folder (2)\IMG\right_2020_08_20_14_36_25_252.jpg,0,0,0,15.35799
C:\Users\pc\Desktop\New folder (2)\IMG\center_2020_08_20_14_36_25_319.jpg,C:\Users\pc\Desktop\New folder (2)\IMG\left_2020_08_20_14_36_25_319.jpg,C:\Users\pc\Desktop\New folder (2)\IMG\right_2020_08_20_14_36_25_319.jpg,0,0,0,15.23831
C:\Users\pc\Desktop\New folder (2)\IMG\center_2020_08_20_14_36_25_387.jpg,C:\Users\pc\Desktop\New folder (2)\IMG\left_2020_08_20_14_36_25_387.jpg,C:\Users\pc\Desktop\New folder (2)\IMG\right_2020_08_20_14_36_25_387.jpg,0,0,0,15.68442
C:\Users\pc\Desktop\New folder (2)\IMG\center_2020_08_20_14_36_25_459.jpg,C:\Users\pc\Desktop\New folder (2)\IMG\left_2020_08_20_14_36_25_459.jpg,C:\Users\pc\Desktop\New folder (2)\IMG\right_2020_08_20_14_36_25_459.jpg,0,0,0,15.56644
C:\Users\pc\Desktop\New folder (2)\IMG\center_2020_08_20_14_36_25_528.jpg,C:\Users\pc\Desktop\New folder (2)\IMG\left_2020_08_20_14_36_25_528.jpg,C:\Users\pc\Desktop\New folder (2)\IMG\right_2020_08_20_14_36_25_528.jpg,0,0,0,14.95655
C:\Users\pc\Desktop\New folder (2)\IMG\center_2020_08_20_14_36_25_600.jpg,C:\Users\pc\Desktop\New folder (2)\IMG\left_2020_08_20_14_36_25_600.jpg,C:\Users\pc\Desktop\New folder (2)\IMG\right_2020_08_20_14_36_25_600.jpg,0,0,0,14.83832
C:\Users\pc\Desktop\New folder (2)\IMG\center_2020_08_20_14_36_25_668.jpg,C:\Users\pc\Desktop\New folder (2)\IMG\left_2020_08_20_14_36_25_668.jpg,C:\Users\pc\Desktop\New folder (2)\IMG\right_2020_08_20_14_36_25_668.jpg,0,0,0,15.26657
C:\Users\pc\Desktop\New folder (2)\IMG\center_2020_08_20_14_36_25_739.jpg,C:\Users\pc\Desktop\New folder (2)\IMG\left_2020_08_20_14_36_25_739.jpg,C:\Users\pc\Desktop\New folder (2)\IMG\right_2020_08_20_14_36_25_739.jpg,0,0,0,15.14631
C:\Users\pc\Desktop\New folder (2)\IMG\center_2020_08_20_14_36_25_807.jpg,C:\Users\pc\Desktop\New folder (2)\IMG\left_2020_08_20_14_36_25_807.jpg,C:\Users\pc\Desktop\New folder (2)\IMG\right_2020_08_20_14_36_25_807.jpg,0,0,0,14.54495
C:\Users\pc\Desktop\New folder (2)\IMG\center_2020_08_20_14_36_25_876.jpg,C:\Users\pc\Desktop\New folder (2)\IMG\left_2020_08_20_14_36_25_876.jpg,C:\Users\pc\Desktop\New folder (2)\IMG\right_2020_08_20_14_36_25_876.jpg,0,0.1701823,0,14.99615
C:\Users\pc\Desktop\New folder (2)\IMG\center_2020_08_20_14_36_25_943.jpg,C:\Users\pc\Desktop\New folder (2)\IMG\left_2020_08_20_14_36_25_943.jpg,C:\Users\pc\Desktop\New folder (2)\IMG\right_2020_08_20_14_36_25_943.jpg,0,0.3897187,0,15.03992
C:\Users\pc\Desktop\New folder (2)\IMG\center_2020_08_20_14_36_26_011.jpg,C:\Users\pc\Desktop\New folder (2)\IMG\left_2020_08_20_14_36_26_011.jpg,C:\Users\pc\Desktop\New folder (2)\IMG\right_2020_08_20_14_36_26_011.jpg,0,0.5755798,0,14.8559
C:\Users\pc\Desktop\New folder (2)\IMG\center_2020_08_20_14_36_26_078.jpg,C:\Users\pc\Desktop\New folder (2)\IMG\left_2020_08_20_14_36_26_078.jpg,C:\Users\pc\Desktop\New folder (2)\IMG\right_2020_08_20_14_36_26_078.jpg,0,0.8125759,0,15.72059
C:\Users\pc\Desktop\New folder (2)\IMG\center_2020_08_20_14_36_26_145.jpg,C:\Users\pc\Desktop\New folder (2)\IMG\left_2020_08_20_14_36_26_145.jpg,C:\Users\pc\Desktop\New folder (2)\IMG\right_2020_08_20_14_36_26_145.jpg,0,0.9945463,0,16.26982
C:\Users\pc\Desktop\New folder (2)\IMG\center_2020_08_20_14_36_26_215.jpg,C:\Users\pc\Desktop\New folder (2)\IMG\left_2020_08_20_14_36_26_215.jpg,C:\Users\pc\Desktop\New folder (2)\IMG\right_2020_08_20_14_36_26_215.jpg,0,1,0,17.00334
C:\Users\pc\Desktop\New folder (2)\IMG\center_2020_08_20_14_36_26_287.jpg,C:\Users\pc\Desktop\New folder (2)\IMG\left_2020_08_20_14_36_26_287.jpg,C:\Users\pc\Desktop\New folder (2)\IMG\right_2020_08_20_14_36_26_287.jpg,0,1,0,17.84883
C:\Users\pc\Desktop\New folder (2)\IMG\center_2020_08_20_14_36_26_355.jpg,C:\Users\pc\Desktop\New folder (2)\IMG\left_2020_08_20_14_36_26_355.jpg,C:\Users\pc\Desktop\New folder (2)\IMG\right_2020_08_20_14_36_26_355.jpg,0,1,0,18.31851
C:\Users\pc\Desktop\New folder (2)\IMG\center_2020_08_20_14_36_26_423.jpg,C:\Users\pc\Desktop\New folder (2)\IMG\left_2020_08_20_14_36_26_423.jpg,C:\Users\pc\Desktop\New folder (2)\IMG\right_2020_08_20_14_36_26_423.jpg,0,1,0,19.14847
C:\Users\pc\Desktop\New folder (2)\IMG\center_2020_08_20_14_36_26_492.jpg,C:\Users\pc\Desktop\New folder (2)\IMG\left_2020_08_20_14_36_26_492.jpg,C:\Users\pc\Desktop\New folder (2)\IMG\right_2020_08_20_14_36_26_492.jpg,0,1,0,19.88704
C:\Users\pc\Desktop\New folder (2)\IMG\center_2020_08_20_14_36_26_560.jpg,C:\Users\pc\Desktop\New folder (2)\IMG\left_2020_08_20_14_36_26_560.jpg,C:\Users\pc\Desktop\New folder (2)\IMG\right_2020_08_20_14_36_26_560.jpg,0,0.8725274,0,20.65356
C:\Users\pc\Desktop\New folder (2)\IMG\center_2020_08_20_14_36_26_631.jpg,C:\Users\pc\Desktop\New folder (2)\IMG\left_2020_08_20_14_36_26_631.jpg,C:\Users\pc\Desktop\New folder (2)\IMG\right_2020_08_20_14_36_26_631.jpg,0,0.6813378,0,21.0032
C:\Users\pc\Desktop\New folder (2)\IMG\center_2020_08_20_14_36_26_700.jpg,C:\Users\pc\Desktop\New folder (2)\IMG\left_2020_08_20_14_36_26_700.jpg,C:\Users\pc\Desktop\New folder (2)\IMG\right_2020_08_20_14_36_26_700.jpg,0.15,0.4504853,0,21.37472
C:\Users\pc\Desktop\New folder (2)\IMG\center_2020_08_20_14_36_26_771.jpg,C:\Users\pc\Desktop\New folder (2)\IMG\left_2020_08_20_14_36_26_771.jpg,C:\Users\pc\Desktop\New folder (2)\IMG\right_2020_08_20_14_36_26_771.jpg,0.3,0.2713004,0,21.5836
C:\Users\pc\Desktop\New folder (2)\IMG\center_2020_08_20_14_36_26_841.jpg,C:\Users\pc\Desktop\New folder (2)\IMG\left_2020_08_20_14_36_26_841.jpg,C:\Users\pc\Desktop\New folder (2)\IMG\right_2020_08_20_14_36_26_841.jpg,0.5000001,0.02814128,0,21.47832
C:\Users\pc\Desktop\New folder (2)\IMG\center_2020_08_20_14_36_26_912.jpg,C:\Users\pc\Desktop\New folder (2)\IMG\left_2020_08_20_14_36_26_912.jpg,C:\Users\pc\Desktop\New folder (2)\IMG\right_2020_08_20_14_36_26_912.jpg,0.6500001,0,0,21.01304
C:\Users\pc\Desktop\New folder (2)\IMG\center_2020_08_20_14_36_26_981.jpg,C:\Users\pc\Desktop\New folder (2)\IMG\left_2020_08_20_14_36_26_981.jpg,C:\Users\pc\Desktop\New folder (2)\IMG\right_2020_08_20_14_36_26_981.jpg,0.8500001,0,0,20.64986
C:\Users\pc\Desktop\New folder (2)\IMG\center_2020_08_20_14_36_27_049.jpg,C:\Users\pc\Desktop\New folder (2)\IMG\left_2020_08_20_14_36_27_049.jpg,C:\Users\pc\Desktop\New folder (2)\IMG\right_2020_08_20_14_36_27_049.jpg,0,0,0,20.58128
C:\Users\pc\Desktop\New folder (2)\IMG\center_2020_08_20_14_36_27_118.jpg,C:\Users\pc\Desktop\New folder (2)\IMG\left_2020_08_20_14_36_27_118.jpg,C:\Users\pc\Desktop\New folder (2)\IMG\right_2020_08_20_14_36_27_118.jpg,0,0,0,20.34385
C:\Users\pc\Desktop\New folder (2)\IMG\center_2020_08_20_14_36_27_185.jpg,C:\Users\pc\Desktop\New folder (2)\IMG\left_2020_08_20_14_36_27_185.jpg,C:\Users\pc\Desktop\New folder (2)\IMG\right_2020_08_20_14_36_27_185.jpg,0,0,0,19.92615
C:\Users\pc\Desktop\New folder (2)\IMG\center_2020_08_20_14_36_27_259.jpg,C:\Users\pc\Desktop\New folder (2)\IMG\left_2020_08_20_14_36_27_259.jpg,C:\Users\pc\Desktop\New folder (2)\IMG\right_2020_08_20_14_36_27_259.jpg,0,0,0,19.72029
C:\Users\pc\Desktop\New folder (2)\IMG\center_2020_08_20_14_36_27_326.jpg,C:\Users\pc\Desktop\New folder (2)\IMG\left_2020_08_20_14_36_27_326.jpg,C:\Users\pc\Desktop\New folder (2)\IMG\right_2020_08_20_14_36_27_326.jpg,0,0,0,19.95833
C:\Users\pc\Desktop\New folder (2)\IMG\center_2020_08_20_14_36_27_392.jpg,C:\Users\pc\Desktop\New folder (2)\IMG\left_2020_08_20_14_36_27_392.jpg,C:\Users\pc\Desktop\New folder (2)\IMG\right_2020_08_20_14_36_27_392.jpg,0,0,0,19.46545
C:\Users\pc\Desktop\New folder (2)\IMG\center_2020_08_20_14_36_27_461.jpg,C:\Users\pc\Desktop\New folder (2)\IMG\left_2020_08_20_14_36_27_461.jpg,C:\Users\pc\Desktop\New folder (2)\IMG\right_2020_08_20_14_36_27_461.jpg,0,0,0,19.29796
C:\Users\pc\Desktop\New folder (2)\IMG\center_2020_08_20_14_36_27_533.jpg,C:\Users\pc\Desktop\New folder (2)\IMG\left_2020_08_20_14_36_27_533.jpg,C:\Users\pc\Desktop\New folder (2)\IMG\right_2020_08_20_14_36_27_533.jpg,0,0,0,19.57822
C:\Users\pc\Desktop\New folder (2)\IMG\center_2020_08_20_14_36_27_601.jpg,C:\Users\pc\Desktop\New folder (2)\IMG\left_2020_08_20_14_36_27_601.jpg,C:\Users\pc\Desktop\New folder (2)\IMG\right_2020_08_20_14_36_27_601.jpg,0,0,0,19.43135
C:\Users\pc\Desktop\New folder (2)\IMG\center_2020_08_20_14_36_27_674.jpg,C:\Users\pc\Desktop\New folder (2)\IMG\left_2020_08_20_14_36_27_674.jpg,C:\Users\pc\Desktop\New folder (2)\IMG\right_2020_08_20_14_36_27_674.jpg,0,0,0,18.87533
C:\Users\pc\Desktop\New folder (2)\IMG\center_2020_08_20_14_36_27_744.jpg,C:\Users\pc\Desktop\New folder (2)\IMG\left_2020_08_20_14_36_27_744.jpg,C:\Users\pc\Desktop\New folder (2)\IMG\right_2020_08_20_14_36_27_744.jpg,0,0.1896306,0,18.80457
C:\Users\pc\Desktop\New folder (2)\IMG\center_2020_08_20_14_36_27_815.jpg,C:\Users\pc\Desktop\New folder (2)\IMG\left_2020_08_20_14_36_27_815.jpg,C:\Users\pc\Desktop\New folder (2)\IMG\right_2020_08_20_14_36_27_815.jpg,0,0.3789467,0,19.29795
C:\Users\pc\Desktop\New folder (2)\IMG\center_2020_08_20_14_36_27_883.jpg,C:\Users\pc\Desktop\New folder (2)\IMG\left_2020_08_20_14_36_27_883.jpg,C:\Users\pc\Desktop\New folder (2)\IMG\right_2020_08_20_14_36_27_883.jpg,0,0.3515192,0,19.54203
C:\Users\pc\Desktop\New folder (2)\IMG\center_2020_08_20_14_36_27_953.jpg,C:\Users\pc\Desktop\New folder (2)\IMG\left_2020_08_20_14_36_27_953.jpg,C:\Users\pc\Desktop\New folder (2)\IMG\right_2020_08_20_14_36_27_953.jpg,0,0.1613232,0,19.28557
C:\Users\pc\Desktop\New folder (2)\IMG\center_2020_08_20_14_36_28_023.jpg,C:\Users\pc\Desktop\New folder (2)\IMG\left_2020_08_20_14_36_28_023.jpg,C:\Users\pc\Desktop\New folder (2)\IMG\right_2020_08_20_14_36_28_023.jpg,0,0,0,19.15852
C:\Users\pc\Desktop\New folder (2)\IMG\center_2020_08_20_14_36_28_090.jpg,C:\Users\pc\Desktop\New folder (2)\IMG\left_2020_08_20_14_36_28_090.jpg,C:\Users\pc\Desktop\New folder (2)\IMG\right_2020_08_20_14_36_28_090.jpg,0,0,0,19.42832
C:\Users\pc\Desktop\New folder (2)\IMG\center_2020_08_20_14_36_28_159.jpg,C:\Users\pc\Desktop\New folder (2)\IMG\left_2020_08_20_14_36_28_159.jpg,C:\Users\pc\Desktop\New folder (2)\IMG\right_2020_08_20_14_36_28_159.jpg,-0.05,0,0,19.2861
C:\Users\pc\Desktop\New folder (2)\IMG\center_2020_08_20_14_36_28_228.jpg,C:\Users\pc\Desktop\New folder (2)\IMG\left_2020_08_20_14_36_28_228.jpg,C:\Users\pc\Desktop\New folder (2)\IMG\right_2020_08_20_14_36_28_228.jpg,0,0,0,18.72601
C:\Users\pc\Desktop\New folder (2)\IMG\center_2020_08_20_14_36_28_296.jpg,C:\Users\pc\Desktop\New folder (2)\IMG\left_2020_08_20_14_36_28_296.jpg,C:\Users\pc\Desktop\New folder (2)\IMG\right_2020_08_20_14_36_28_296.jpg,0,0,0,19.07052
C:\Users\pc\Desktop\New folder (2)\IMG\center_2020_08_20_14_36_28_369.jpg,C:\Users\pc\Desktop\New folder (2)\IMG\left_2020_08_20_14_36_28_369.jpg,C:\Users\pc\Desktop\New folder (2)\IMG\right_2020_08_20_14_36_28_369.jpg,0,0,0,18.92334
C:\Users\pc\Desktop\New folder (2)\IMG\center_2020_08_20_14_36_28_441.jpg,C:\Users\pc\Desktop\New folder (2)\IMG\left_2020_08_20_14_36_28_441.jpg,C:\Users\pc\Desktop\New folder (2)\IMG\right_2020_08_20_14_36_28_441.jpg,0,0,0,18.77546
C:\Users\pc\Desktop\New folder (2)\IMG\center_2020_08_20_14_36_28_507.jpg,C:\Users\pc\Desktop\New folder (2)\IMG\left_2020_08_20_14_36_28_507.jpg,C:\Users\pc\Desktop\New folder (2)\IMG\right_2020_08_20_14_36_28_507.jpg,0,0,0,18.16931
C:\Users\pc\Desktop\New folder (2)\IMG\center_2020_08_20_14_36_28_577.jpg,C:\Users\pc\Desktop\New folder (2)\IMG\left_2020_08_20_14_36_28_577.jpg,C:\Users\pc\Desktop\New folder (2)\IMG\right_2020_08_20_14_36_28_577.jpg,-0.15,0,0,18.01371
C:\Users\pc\Desktop\New folder (2)\IMG\center_2020_08_20_14_36_28_643.jpg,C:\Users\pc\Desktop\New folder (2)\IMG\left_2020_08_20_14_36_28_643.jpg,C:\Users\pc\Desktop\New folder (2)\IMG\right_2020_08_20_14_36_28_643.jpg,-0.3,0,0,18.35362
C:\Users\pc\Desktop\New folder (2)\IMG\center_2020_08_20_14_36_28_713.jpg,C:\Users\pc\Desktop\New folder (2)\IMG\left_2020_08_20_14_36_28_713.jpg,C:\Users\pc\Desktop\New folder (2)\IMG\right_2020_08_20_14_36_28_713.jpg,-0.45,0,0,17.71638
C:\Users\pc\Desktop\New folder (2)\IMG\center_2020_08_20_14_36_28_782.jpg,C:\Users\pc\Desktop\New folder (2)\IMG\left_2020_08_20_14_36_28_782.jpg,C:\Users\pc\Desktop\New folder (2)\IMG\right_2020_08_20_14_36_28_782.jpg,0,0,0,17.48511
C:\Users\pc\Desktop\New folder (2)\IMG\center_2020_08_20_14_36_28_849.jpg,C:\Users\pc\Desktop\New folder (2)\IMG\left_2020_08_20_14_36_28_849.jpg,C:\Users\pc\Desktop\New folder (2)\IMG\right_2020_08_20_14_36_28_849.jpg,0,0,0,17.85881
C:\Users\pc\Desktop\New folder (2)\IMG\center_2020_08_20_14_36_28_919.jpg,C:\Users\pc\Desktop\New folder (2)\IMG\left_2020_08_20_14_36_28_919.jpg,C:\Users\pc\Desktop\New folder (2)\IMG\right_2020_08_20_14_36_28_919.jpg,0,0,0,17.71642
C:\Users\pc\Desktop\New folder (2)\IMG\center_2020_08_20_14_36_28_987.jpg,C:\Users\pc\Desktop\New folder (2)\IMG\left_2020_08_20_14_36_28_987.jpg,C:\Users\pc\Desktop\New folder (2)\IMG\right_2020_08_20_14_36_28_987.jpg,0,0,0,17.08008
C:\Users\pc\Desktop\New folder (2)\IMG\center_2020_08_20_14_36_29_055.jpg,C:\Users\pc\Desktop\New folder (2)\IMG\left_2020_08_20_14_36_29_055.jpg,C:\Users\pc\Desktop\New folder (2)\IMG\right_2020_08_20_14_36_29_055.jpg,0,0,0,17.50383
C:\Users\pc\Desktop\New folder (2)\IMG\center_2020_08_20_14_36_29_123.jpg,C:\Users\pc\Desktop\New folder (2)\IMG\left_2020_08_20_14_36_29_123.jpg,C:\Users\pc\Desktop\New folder (2)\IMG\right_2020_08_20_14_36_29_123.jpg,0,0,0,17.36485
C:\Users\pc\Desktop\New folder (2)\IMG\center_2020_08_20_14_36_29_191.jpg,C:\Users\pc\Desktop\New folder (2)\IMG\left_2020_08_20_14_36_29_191.jpg,C:\Users\pc\Desktop\New folder (2)\IMG\right_2020_08_20_14_36_29_191.jpg,0,0,0,16.72333
C:\Users\pc\Desktop\New folder (2)\IMG\center_2020_08_20_14_36_29_258.jpg,C:\Users\pc\Desktop\New folder (2)\IMG\left_2020_08_20_14_36_29_258.jpg,C:\Users\pc\Desktop\New folder (2)\IMG\right_2020_08_20_14_36_29_258.jpg,0,0,0,16.58429
C:\Users\pc\Desktop\New folder (2)\IMG\center_2020_08_20_14_36_29_329.jpg,C:\Users\pc\Desktop\New folder (2)\IMG\left_2020_08_20_14_36_29_329.jpg,C:\Users\pc\Desktop\New folder (2)\IMG\right_2020_08_20_14_36_29_329.jpg,0,0.03692098,0,17.02164
C:\Users\pc\Desktop\New folder (2)\IMG\center_2020_08_20_14_36_29_398.jpg,C:\Users\pc\Desktop\New folder (2)\IMG\left_2020_08_20_14_36_29_398.jpg,C:\Users\pc\Desktop\New folder (2)\IMG\right_2020_08_20_14_36_29_398.jpg,0,0.2657213,0,16.9911
C:\Users\pc\Desktop\New folder (2)\IMG\center_2020_08_20_14_36_29_465.jpg,C:\Users\pc\Desktop\New folder (2)\IMG\left_2020_08_20_14_36_29_465.jpg,C:\Users\pc\Desktop\New folder (2)\IMG\right_2020_08_20_14_36_29_465.jpg,0,0.2667426,0,16.67399
C:\Users\pc\Desktop\New folder (2)\IMG\center_2020_08_20_14_36_29_541.jpg,C:\Users\pc\Desktop\New folder (2)\IMG\left_2020_08_20_14_36_29_541.jpg,C:\Users\pc\Desktop\New folder (2)\IMG\right_2020_08_20_14_36_29_541.jpg,0,0.0253402,0,16.6417
C:\Users\pc\Desktop\New folder (2)\IMG\center_2020_08_20_14_36_29_612.jpg,C:\Users\pc\Desktop\New folder (2)\IMG\left_2020_08_20_14_36_29_612.jpg,C:\Users\pc\Desktop\New folder (2)\IMG\right_2020_08_20_14_36_29_612.jpg,0,0.1305056,0,17.08461
C:\Users\pc\Desktop\New folder (2)\IMG\center_2020_08_20_14_36_29_680.jpg,C:\Users\pc\Desktop\New folder (2)\IMG\left_2020_08_20_14_36_29_680.jpg,C:\Users\pc\Desktop\New folder (2)\IMG\right_2020_08_20_14_36_29_680.jpg,0,0.2958779,0,17.16885
C:\Users\pc\Desktop\New folder (2)\IMG\center_2020_08_20_14_36_29_753.jpg,C:\Users\pc\Desktop\New folder (2)\IMG\left_2020_08_20_14_36_29_753.jpg,C:\Users\pc\Desktop\New folder (2)\IMG\right_2020_08_20_14_36_29_753.jpg,0,0.118386,0,16.73563
C:\Users\pc\Desktop\New folder (2)\IMG\center_2020_08_20_14_36_29_823.jpg,C:\Users\pc\Desktop\New folder (2)\IMG\left_2020_08_20_14_36_29_823.jpg,C:\Users\pc\Desktop\New folder (2)\IMG\right_2020_08_20_14_36_29_823.jpg,0,0.1914383,0,16.67348
C:\Users\pc\Desktop\New folder (2)\IMG\center_2020_08_20_14_36_29_890.jpg,C:\Users\pc\Desktop\New folder (2)\IMG\left_2020_08_20_14_36_29_890.jpg,C:\Users\pc\Desktop\New folder (2)\IMG\right_2020_08_20_14_36_29_890.jpg,0,0.3562803,0,17.26561
C:\Users\pc\Desktop\New folder (2)\IMG\center_2020_08_20_14_36_29_957.jpg,C:\Users\pc\Desktop\New folder (2)\IMG\left_2020_08_20_14_36_29_957.jpg,C:\Users\pc\Desktop\New folder (2)\IMG\right_2020_08_20_14_36_29_957.jpg,0,0.5945678,0,17.57623
C:\Users\pc\Desktop\New folder (2)\IMG\center_2020_08_20_14_36_30_025.jpg,C:\Users\pc\Desktop\New folder (2)\IMG\left_2020_08_20_14_36_30_025.jpg,C:\Users\pc\Desktop\New folder (2)\IMG\right_2020_08_20_14_36_30_025.jpg,0,0.7781057,0,17.68176
C:\Users\pc\Desktop\New folder (2)\IMG\center_2020_08_20_14_36_30_097.jpg,C:\Users\pc\Desktop\New folder (2)\IMG\left_2020_08_20_14_36_30_097.jpg,C:\Users\pc\Desktop\New folder (2)\IMG\right_2020_08_20_14_36_30_097.jpg,0,0.9613204,0,18.44732
C:\Users\pc\Desktop\New folder (2)\IMG\center_2020_08_20_14_36_30_164.jpg,C:\Users\pc\Desktop\New folder (2)\IMG\left_2020_08_20_14_36_30_164.jpg,C:\Users\pc\Desktop\New folder (2)\IMG\right_2020_08_20_14_36_30_164.jpg,0,1,0,19.24304
C:\Users\pc\Desktop\New folder (2)\IMG\center_2020_08_20_14_36_30_231.jpg,C:\Users\pc\Desktop\New folder (2)\IMG\left_2020_08_20_14_36_30_231.jpg,C:\Users\pc\Desktop\New folder (2)\IMG\right_2020_08_20_14_36_30_231.jpg,0,1,0,19.72046
C:\Users\pc\Desktop\New folder (2)\IMG\center_2020_08_20_14_36_30_300.jpg,C:\Users\pc\Desktop\New folder (2)\IMG\left_2020_08_20_14_36_30_300.jpg,C:\Users\pc\Desktop\New folder (2)\IMG\right_2020_08_20_14_36_30_300.jpg,0,1,0,20.54595
C:\Users\pc\Desktop\New folder (2)\IMG\center_2020_08_20_14_36_30_367.jpg,C:\Users\pc\Desktop\New folder (2)\IMG\left_2020_08_20_14_36_30_367.jpg,C:\Users\pc\Desktop\New folder (2)\IMG\right_2020_08_20_14_36_30_367.jpg,0,1,0,21.23144
C:\Users\pc\Desktop\New folder (2)\IMG\center_2020_08_20_14_36_30_437.jpg,C:\Users\pc\Desktop\New folder (2)\IMG\left_2020_08_20_14_36_30_437.jpg,C:\Users\pc\Desktop\New folder (2)\IMG\right_2020_08_20_14_36_30_437.jpg,0,1,0,21.76916
C:\Users\pc\Desktop\New folder (2)\IMG\center_2020_08_20_14_36_30_510.jpg,C:\Users\pc\Desktop\New folder (2)\IMG\left_2020_08_20_14_36_30_510.jpg,C:\Users\pc\Desktop\New folder (2)\IMG\right_2020_08_20_14_36_30_510.jpg,0,1,0,22.57356
C:\Users\pc\Desktop\New folder (2)\IMG\center_2020_08_20_14_36_30_581.jpg,C:\Users\pc\Desktop\New folder (2)\IMG\left_2020_08_20_14_36_30_581.jpg,C:\Users\pc\Desktop\New folder (2)\IMG\right_2020_08_20_14_36_30_581.jpg,0,1,0,23.36749
C:\Users\pc\Desktop\New folder (2)\IMG\center_2020_08_20_14_36_30_648.jpg,C:\Users\pc\Desktop\New folder (2)\IMG\left_2020_08_20_14_36_30_648.jpg,C:\Users\pc\Desktop\New folder (2)\IMG\right_2020_08_20_14_36_30_648.jpg,0,0.9129661,0,23.95464
C:\Users\pc\Desktop\New folder (2)\IMG\center_2020_08_20_14_36_30_716.jpg,C:\Users\pc\Desktop\New folder (2)\IMG\left_2020_08_20_14_36_30_716.jpg,C:\Users\pc\Desktop\New folder (2)\IMG\right_2020_08_20_14_36_30_716.jpg,0,0.741956,0,24.40711
C:\Users\pc\Desktop\New folder (2)\IMG\center_2020_08_20_14_36_30_786.jpg,C:\Users\pc\Desktop\New folder (2)\IMG\left_2020_08_20_14_36_30_786.jpg,C:\Users\pc\Desktop\New folder (2)\IMG\right_2020_08_20_14_36_30_786.jpg,0,0.4998001,0,24.81575
C:\Users\pc\Desktop\New folder (2)\IMG\center_2020_08_20_14_36_30_857.jpg,C:\Users\pc\Desktop\New folder (2)\IMG\left_2020_08_20_14_36_30_857.jpg,C:\Users\pc\Desktop\New folder (2)\IMG\right_2020_08_20_14_36_30_857.jpg,0,0.2673534,0,24.99255
C:\Users\pc\Desktop\New folder (2)\IMG\center_2020_08_20_14_36_30_925.jpg,C:\Users\pc\Desktop\New folder (2)\IMG\left_2020_08_20_14_36_30_925.jpg,C:\Users\pc\Desktop\New folder (2)\IMG\right_2020_08_20_14_36_30_925.jpg,0,0.07936263,0,24.97131
C:\Users\pc\Desktop\New folder (2)\IMG\center_2020_08_20_14_36_30_992.jpg,C:\Users\pc\Desktop\New folder (2)\IMG\left_2020_08_20_14_36_30_992.jpg,C:\Users\pc\Desktop\New folder (2)\IMG\right_2020_08_20_14_36_30_992.jpg,0,0,0,24.83408
C:\Users\pc\Desktop\New folder (2)\IMG\center_2020_08_20_14_36_31_060.jpg,C:\Users\pc\Desktop\New folder (2)\IMG\left_2020_08_20_14_36_31_060.jpg,C:\Users\pc\Desktop\New folder (2)\IMG\right_2020_08_20_14_36_31_060.jpg,0,0,0,24.63399
C:\Users\pc\Desktop\New folder (2)\IMG\center_2020_08_20_14_36_31_129.jpg,C:\Users\pc\Desktop\New folder (2)\IMG\left_2020_08_20_14_36_31_129.jpg,C:\Users\pc\Desktop\New folder (2)\IMG\right_2020_08_20_14_36_31_129.jpg,0,0,0,24.48512
C:\Users\pc\Desktop\New folder (2)\IMG\center_2020_08_20_14_36_31_196.jpg,C:\Users\pc\Desktop\New folder (2)\IMG\left_2020_08_20_14_36_31_196.jpg,C:\Users\pc\Desktop\New folder (2)\IMG\right_2020_08_20_14_36_31_196.jpg,0,0,0,24.33739
C:\Users\pc\Desktop\New folder (2)\IMG\center_2020_08_20_14_36_31_264.jpg,C:\Users\pc\Desktop\New folder (2)\IMG\left_2020_08_20_14_36_31_264.jpg,C:\Users\pc\Desktop\New folder (2)\IMG\right_2020_08_20_14_36_31_264.jpg,0,0,0,24.14169
C:\Users\pc\Desktop\New folder (2)\IMG\center_2020_08_20_14_36_31_336.jpg,C:\Users\pc\Desktop\New folder (2)\IMG\left_2020_08_20_14_36_31_336.jpg,C:\Users\pc\Desktop\New folder (2)\IMG\right_2020_08_20_14_36_31_336.jpg,0,0,0,23.99596
C:\Users\pc\Desktop\New folder (2)\IMG\center_2020_08_20_14_36_31_404.jpg,C:\Users\pc\Desktop\New folder (2)\IMG\left_2020_08_20_14_36_31_404.jpg,C:\Users\pc\Desktop\New folder (2)\IMG\right_2020_08_20_14_36_31_404.jpg,0,0,0,23.80302
C:\Users\pc\Desktop\New folder (2)\IMG\center_2020_08_20_14_36_31_471.jpg,C:\Users\pc\Desktop\New folder (2)\IMG\left_2020_08_20_14_36_31_471.jpg,C:\Users\pc\Desktop\New folder (2)\IMG\right_2020_08_20_14_36_31_471.jpg,0,0,0,23.65935
C:\Users\pc\Desktop\New folder (2)\IMG\center_2020_08_20_14_36_31_543.jpg,C:\Users\pc\Desktop\New folder (2)\IMG\left_2020_08_20_14_36_31_543.jpg,C:\Users\pc\Desktop\New folder (2)\IMG\right_2020_08_20_14_36_31_543.jpg,0,0,0,23.46912
C:\Users\pc\Desktop\New folder (2)\IMG\center_2020_08_20_14_36_31_613.jpg,C:\Users\pc\Desktop\New folder (2)\IMG\left_2020_08_20_14_36_31_613.jpg,C:\Users\pc\Desktop\New folder (2)\IMG\right_2020_08_20_14_36_31_613.jpg,0,0,0,23.32745
C:\Users\pc\Desktop\New folder (2)\IMG\center_2020_08_20_14_36_31_681.jpg,C:\Users\pc\Desktop\New folder (2)\IMG\left_2020_08_20_14_36_31_681.jpg,C:\Users\pc\Desktop\New folder (2)\IMG\right_2020_08_20_14_36_31_681.jpg,0,0,0,23.1399
C:\Users\pc\Desktop\New folder (2)\IMG\center_2020_08_20_14_36_31_750.jpg,C:\Users\pc\Desktop\New folder (2)\IMG\left_2020_08_20_14_36_31_750.jpg,C:\Users\pc\Desktop\New folder (2)\IMG\right_2020_08_20_14_36_31_750.jpg,0,0,0,23.00022
C:\Users\pc\Desktop\New folder (2)\IMG\center_2020_08_20_14_36_31_821.jpg,C:\Users\pc\Desktop\New folder (2)\IMG\left_2020_08_20_14_36_31_821.jpg,C:\Users\pc\Desktop\New folder (2)\IMG\right_2020_08_20_14_36_31_821.jpg,0,0,0,22.8153
C:\Users\pc\Desktop\New folder (2)\IMG\center_2020_08_20_14_36_31_891.jpg,C:\Users\pc\Desktop\New folder (2)\IMG\left_2020_08_20_14_36_31_891.jpg,C:\Users\pc\Desktop\New folder (2)\IMG\right_2020_08_20_14_36_31_891.jpg,0,0,0,22.67758
C:\Users\pc\Desktop\New folder (2)\IMG\center_2020_08_20_14_36_31_958.jpg,C:\Users\pc\Desktop\New folder (2)\IMG\left_2020_08_20_14_36_31_958.jpg,C:\Users\pc\Desktop\New folder (2)\IMG\right_2020_08_20_14_36_31_958.jpg,0,0,0,22.49525
C:\Users\pc\Desktop\New folder (2)\IMG\center_2020_08_20_14_36_32_026.jpg,C:\Users\pc\Desktop\New folder (2)\IMG\left_2020_08_20_14_36_32_026.jpg,C:\Users\pc\Desktop\New folder (2)\IMG\right_2020_08_20_14_36_32_026.jpg,0,0,0,22.35947
C:\Users\pc\Desktop\New folder (2)\IMG\center_2020_08_20_14_36_32_094.jpg,C:\Users\pc\Desktop\New folder (2)\IMG\left_2020_08_20_14_36_32_094.jpg,C:\Users\pc\Desktop\New folder (2)\IMG\right_2020_08_20_14_36_32_094.jpg,0,0,0,22.2245
C:\Users\pc\Desktop\New folder (2)\IMG\center_2020_08_20_14_36_32_164.jpg,C:\Users\pc\Desktop\New folder (2)\IMG\left_2020_08_20_14_36_32_164.jpg,C:\Users\pc\Desktop\New folder (2)\IMG\right_2020_08_20_14_36_32_164.jpg,0,0,0,22.04582
C:\Users\pc\Desktop\New folder (2)\IMG\center_2020_08_20_14_36_32_231.jpg,C:\Users\pc\Desktop\New folder (2)\IMG\left_2020_08_20_14_36_32_231.jpg,C:\Users\pc\Desktop\New folder (2)\IMG\right_2020_08_20_14_36_32_231.jpg,0,0,0,21.91275
C:\Users\pc\Desktop\New folder (2)\IMG\center_2020_08_20_14_36_32_299.jpg,C:\Users\pc\Desktop\New folder (2)\IMG\left_2020_08_20_14_36_32_299.jpg,C:\Users\pc\Desktop\New folder (2)\IMG\right_2020_08_20_14_36_32_299.jpg,0,0,0,21.73658
C:\Users\pc\Desktop\New folder (2)\IMG\center_2020_08_20_14_36_32_369.jpg,C:\Users\pc\Desktop\New folder (2)\IMG\left_2020_08_20_14_36_32_369.jpg,C:\Users\pc\Desktop\New folder (2)\IMG\right_2020_08_20_14_36_32_369.jpg,0,0,0,21.60538
C:\Users\pc\Desktop\New folder (2)\IMG\center_2020_08_20_14_36_32_440.jpg,C:\Users\pc\Desktop\New folder (2)\IMG\left_2020_08_20_14_36_32_440.jpg,C:\Users\pc\Desktop\New folder (2)\IMG\right_2020_08_20_14_36_32_440.jpg,0,0,0,21.43168
C:\Users\pc\Desktop\New folder (2)\IMG\center_2020_08_20_14_36_32_509.jpg,C:\Users\pc\Desktop\New folder (2)\IMG\left_2020_08_20_14_36_32_509.jpg,C:\Users\pc\Desktop\New folder (2)\IMG\right_2020_08_20_14_36_32_509.jpg,0,0,0,21.30231
C:\Users\pc\Desktop\New folder (2)\IMG\center_2020_08_20_14_36_32_580.jpg,C:\Users\pc\Desktop\New folder (2)\IMG\left_2020_08_20_14_36_32_580.jpg,C:\Users\pc\Desktop\New folder (2)\IMG\right_2020_08_20_14_36_32_580.jpg,0,0,0,21.13105
C:\Users\pc\Desktop\New folder (2)\IMG\center_2020_08_20_14_36_32_652.jpg,C:\Users\pc\Desktop\New folder (2)\IMG\left_2020_08_20_14_36_32_652.jpg,C:\Users\pc\Desktop\New folder (2)\IMG\right_2020_08_20_14_36_32_652.jpg,0,0,0,21.0035
C:\Users\pc\Desktop\New folder (2)\IMG\center_2020_08_20_14_36_32_720.jpg,C:\Users\pc\Desktop\New folder (2)\IMG\left_2020_08_20_14_36_32_720.jpg,C:\Users\pc\Desktop\New folder (2)\IMG\right_2020_08_20_14_36_32_720.jpg,0,0,0,20.83464
C:\Users\pc\Desktop\New folder (2)\IMG\center_2020_08_20_14_36_32_789.jpg,C:\Users\pc\Desktop\New folder (2)\IMG\left_2020_08_20_14_36_32_789.jpg,C:\Users\pc\Desktop\New folder (2)\IMG\right_2020_08_20_14_36_32_789.jpg,0,0,0,20.70889
C:\Users\pc\Desktop\New folder (2)\IMG\center_2020_08_20_14_36_32_859.jpg,C:\Users\pc\Desktop\New folder (2)\IMG\left_2020_08_20_14_36_32_859.jpg,C:\Users\pc\Desktop\New folder (2)\IMG\right_2020_08_20_14_36_32_859.jpg,0,0,0,20.54239
C:\Users\pc\Desktop\New folder (2)\IMG\center_2020_08_20_14_36_32_927.jpg,C:\Users\pc\Desktop\New folder (2)\IMG\left_2020_08_20_14_36_32_927.jpg,C:\Users\pc\Desktop\New folder (2)\IMG\right_2020_08_20_14_36_32_927.jpg,0,0,0,20.41842
C:\Users\pc\Desktop\New folder (2)\IMG\center_2020_08_20_14_36_32_994.jpg,C:\Users\pc\Desktop\New folder (2)\IMG\left_2020_08_20_14_36_32_994.jpg,C:\Users\pc\Desktop\New folder (2)\IMG\right_2020_08_20_14_36_32_994.jpg,0,0,0,20.29518
C:\Users\pc\Desktop\New folder (2)\IMG\center_2020_08_20_14_36_33_061.jpg,C:\Users\pc\Desktop\New folder (2)\IMG\left_2020_08_20_14_36_33_061.jpg,C:\Users\pc\Desktop\New folder (2)\IMG\right_2020_08_20_14_36_33_061.jpg,0,0,0,20.13201
C:\Users\pc\Desktop\New folder (2)\IMG\center_2020_08_20_14_36_33_131.jpg,C:\Users\pc\Desktop\New folder (2)\IMG\left_2020_08_20_14_36_33_131.jpg,C:\Users\pc\Desktop\New folder (2)\IMG\right_2020_08_20_14_36_33_131.jpg,0,0,0,20.0105
C:\Users\pc\Desktop\New folder (2)\IMG\center_2020_08_20_14_36_33_198.jpg,C:\Users\pc\Desktop\New folder (2)\IMG\left_2020_08_20_14_36_33_198.jpg,C:\Users\pc\Desktop\New folder (2)\IMG\right_2020_08_20_14_36_33_198.jpg,0,0,0,19.84962
C:\Users\pc\Desktop\New folder (2)\IMG\center_2020_08_20_14_36_33_268.jpg,C:\Users\pc\Desktop\New folder (2)\IMG\left_2020_08_20_14_36_33_268.jpg,C:\Users\pc\Desktop\New folder (2)\IMG\right_2020_08_20_14_36_33_268.jpg,0,0,0,19.72982
C:\Users\pc\Desktop\New folder (2)\IMG\center_2020_08_20_14_36_33_339.jpg,C:\Users\pc\Desktop\New folder (2)\IMG\left_2020_08_20_14_36_33_339.jpg,C:\Users\pc\Desktop\New folder (2)\IMG\right_2020_08_20_14_36_33_339.jpg,0,0,0,19.5712
C:\Users\pc\Desktop\New folder (2)\IMG\center_2020_08_20_14_36_33_407.jpg,C:\Users\pc\Desktop\New folder (2)\IMG\left_2020_08_20_14_36_33_407.jpg,C:\Users\pc\Desktop\New folder (2)\IMG\right_2020_08_20_14_36_33_407.jpg,0,0,0,19.45308
C:\Users\pc\Desktop\New folder (2)\IMG\center_2020_08_20_14_36_33_476.jpg,C:\Users\pc\Desktop\New folder (2)\IMG\left_2020_08_20_14_36_33_476.jpg,C:\Users\pc\Desktop\New folder (2)\IMG\right_2020_08_20_14_36_33_476.jpg,0,0,0,19.33566
C:\Users\pc\Desktop\New folder (2)\IMG\center_2020_08_20_14_36_33_545.jpg,C:\Users\pc\Desktop\New folder (2)\IMG\left_2020_08_20_14_36_33_545.jpg,C:\Users\pc\Desktop\New folder (2)\IMG\right_2020_08_20_14_36_33_545.jpg,0,0,0,19.1802
C:\Users\pc\Desktop\New folder (2)\IMG\center_2020_08_20_14_36_33_612.jpg,C:\Users\pc\Desktop\New folder (2)\IMG\left_2020_08_20_14_36_33_612.jpg,C:\Users\pc\Desktop\New folder (2)\IMG\right_2020_08_20_14_36_33_612.jpg,0,0,0,19.06448
C:\Users\pc\Desktop\New folder (2)\IMG\center_2020_08_20_14_36_33_684.jpg,C:\Users\pc\Desktop\New folder (2)\IMG\left_2020_08_20_14_36_33_684.jpg,C:\Users\pc\Desktop\New folder (2)\IMG\right_2020_08_20_14_36_33_684.jpg,0,0,0,18.91123
C:\Users\pc\Desktop\New folder (2)\IMG\center_2020_08_20_14_36_33_752.jpg,C:\Users\pc\Desktop\New folder (2)\IMG\left_2020_08_20_14_36_33_752.jpg,C:\Users\pc\Desktop\New folder (2)\IMG\right_2020_08_20_14_36_33_752.jpg,0,0,0,18.79696
C:\Users\pc\Desktop\New folder (2)\IMG\center_2020_08_20_14_36_33_820.jpg,C:\Users\pc\Desktop\New folder (2)\IMG\left_2020_08_20_14_36_33_820.jpg,C:\Users\pc\Desktop\New folder (2)\IMG\right_2020_08_20_14_36_33_820.jpg,0,0,0,18.64576
C:\Users\pc\Desktop\New folder (2)\IMG\center_2020_08_20_14_36_33_888.jpg,C:\Users\pc\Desktop\New folder (2)\IMG\left_2020_08_20_14_36_33_888.jpg,C:\Users\pc\Desktop\New folder (2)\IMG\right_2020_08_20_14_36_33_888.jpg,0,0,0,18.53371
C:\Users\pc\Desktop\New folder (2)\IMG\center_2020_08_20_14_36_33_958.jpg,C:\Users\pc\Desktop\New folder (2)\IMG\left_2020_08_20_14_36_33_958.jpg,C:\Users\pc\Desktop\New folder (2)\IMG\right_2020_08_20_14_36_33_958.jpg,0,0,0,18.38512
C:\Users\pc\Desktop\New folder (2)\IMG\center_2020_08_20_14_36_34_025.jpg,C:\Users\pc\Desktop\New folder (2)\IMG\left_2020_08_20_14_36_34_025.jpg,C:\Users\pc\Desktop\New folder (2)\IMG\right_2020_08_20_14_36_34_025.jpg,0,0,0,18.27214
C:\Users\pc\Desktop\New folder (2)\IMG\center_2020_08_20_14_36_34_091.jpg,C:\Users\pc\Desktop\New folder (2)\IMG\left_2020_08_20_14_36_34_091.jpg,C:\Users\pc\Desktop\New folder (2)\IMG\right_2020_08_20_14_36_34_091.jpg,0,0,0,18.16586
C:\Users\pc\Desktop\New folder (2)\IMG\center_2020_08_20_14_36_34_162.jpg,C:\Users\pc\Desktop\New folder (2)\IMG\left_2020_08_20_14_36_34_162.jpg,C:\Users\pc\Desktop\New folder (2)\IMG\right_2020_08_20_14_36_34_162.jpg,-0.2,0,0,18.00901
C:\Users\pc\Desktop\New folder (2)\IMG\center_2020_08_20_14_36_34_231.jpg,C:\Users\pc\Desktop\New folder (2)\IMG\left_2020_08_20_14_36_34_231.jpg,C:\Users\pc\Desktop\New folder (2)\IMG\right_2020_08_20_14_36_34_231.jpg,-0.35,0,0,17.82561
C:\Users\pc\Desktop\New folder (2)\IMG\center_2020_08_20_14_36_34_301.jpg,C:\Users\pc\Desktop\New folder (2)\IMG\left_2020_08_20_14_36_34_301.jpg,C:\Users\pc\Desktop\New folder (2)\IMG\right_2020_08_20_14_36_34_301.jpg,-0.5500001,0,0,17.45341
C:\Users\pc\Desktop\New folder (2)\IMG\center_2020_08_20_14_36_34_370.jpg,C:\Users\pc\Desktop\New folder (2)\IMG\left_2020_08_20_14_36_34_370.jpg,C:\Users\pc\Desktop\New folder (2)\IMG\right_2020_08_20_14_36_34_370.jpg,0,0,0,17.55919
C:\Users\pc\Desktop\New folder (2)\IMG\center_2020_08_20_14_36_34_441.jpg,C:\Users\pc\Desktop\New folder (2)\IMG\left_2020_08_20_14_36_34_441.jpg,C:\Users\pc\Desktop\New folder (2)\IMG\right_2020_08_20_14_36_34_441.jpg,0,0,0,17.45855
C:\Users\pc\Desktop\New folder (2)\IMG\center_2020_08_20_14_36_34_507.jpg,C:\Users\pc\Desktop\New folder (2)\IMG\left_2020_08_20_14_36_34_507.jpg,C:\Users\pc\Desktop\New folder (2)\IMG\right_2020_08_20_14_36_34_507.jpg,0,0,0,16.86655
C:\Users\pc\Desktop\New folder (2)\IMG\center_2020_08_20_14_36_34_578.jpg,C:\Users\pc\Desktop\New folder (2)\IMG\left_2020_08_20_14_36_34_578.jpg,C:\Users\pc\Desktop\New folder (2)\IMG\right_2020_08_20_14_36_34_578.jpg,0,0,0,16.70598
C:\Users\pc\Desktop\New folder (2)\IMG\center_2020_08_20_14_36_34_647.jpg,C:\Users\pc\Desktop\New folder (2)\IMG\left_2020_08_20_14_36_34_647.jpg,C:\Users\pc\Desktop\New folder (2)\IMG\right_2020_08_20_14_36_34_647.jpg,0,0,0,17.13914
C:\Users\pc\Desktop\New folder (2)\IMG\center_2020_08_20_14_36_34_714.jpg,C:\Users\pc\Desktop\New folder (2)\IMG\left_2020_08_20_14_36_34_714.jpg,C:\Users\pc\Desktop\New folder (2)\IMG\right_2020_08_20_14_36_34_714.jpg,0,0.02809378,0,16.4967
C:\Users\pc\Desktop\New folder (2)\IMG\center_2020_08_20_14_36_34_783.jpg,C:\Users\pc\Desktop\New folder (2)\IMG\left_2020_08_20_14_36_34_783.jpg,C:\Users\pc\Desktop\New folder (2)\IMG\right_2020_08_20_14_36_34_783.jpg,0,0.2599474,0,16.51887
C:\Users\pc\Desktop\New folder (2)\IMG\center_2020_08_20_14_36_34_853.jpg,C:\Users\pc\Desktop\New folder (2)\IMG\left_2020_08_20_14_36_34_853.jpg,C:\Users\pc\Desktop\New folder (2)\IMG\right_2020_08_20_14_36_34_853.jpg,0,0.4440475,0,17.12845
C:\Users\pc\Desktop\New folder (2)\IMG\center_2020_08_20_14_36_34_922.jpg,C:\Users\pc\Desktop\New folder (2)\IMG\left_2020_08_20_14_36_34_922.jpg,C:\Users\pc\Desktop\New folder (2)\IMG\right_2020_08_20_14_36_34_922.jpg,0,0.6761945,0,17.51514
C:\Users\pc\Desktop\New folder (2)\IMG\center_2020_08_20_14_36_34_993.jpg,C:\Users\pc\Desktop\New folder (2)\IMG\left_2020_08_20_14_36_34_993.jpg,C:\Users\pc\Desktop\New folder (2)\IMG\right_2020_08_20_14_36_34_993.jpg,0,0.8561785,0,17.6903
C:\Users\pc\Desktop\New folder (2)\IMG\center_2020_08_20_14_36_35_061.jpg,C:\Users\pc\Desktop\New folder (2)\IMG\left_2020_08_20_14_36_35_061.jpg,C:\Users\pc\Desktop\New folder (2)\IMG\right_2020_08_20_14_36_35_061.jpg,0,1,0,18.53631
C:\Users\pc\Desktop\New folder (2)\IMG\center_2020_08_20_14_36_35_128.jpg,C:\Users\pc\Desktop\New folder (2)\IMG\left_2020_08_20_14_36_35_128.jpg,C:\Users\pc\Desktop\New folder (2)\IMG\right_2020_08_20_14_36_35_128.jpg,-0.15,1,0,19.30382
C:\Users\pc\Desktop\New folder (2)\IMG\center_2020_08_20_14_36_35_196.jpg,C:\Users\pc\Desktop\New folder (2)\IMG\left_2020_08_20_14_36_35_196.jpg,C:\Users\pc\Desktop\New folder (2)\IMG\right_2020_08_20_14_36_35_196.jpg,-0.3,1,0,19.74894
C:\Users\pc\Desktop\New folder (2)\IMG\center_2020_08_20_14_36_35_264.jpg,C:\Users\pc\Desktop\New folder (2)\IMG\left_2020_08_20_14_36_35_264.jpg,C:\Users\pc\Desktop\New folder (2)\IMG\right_2020_08_20_14_36_35_264.jpg,-0.5000001,0.8596767,0,20.43257
C:\Users\pc\Desktop\New folder (2)\IMG\center_2020_08_20_14_36_35_332.jpg,C:\Users\pc\Desktop\New folder (2)\IMG\left_2020_08_20_14_36_35_332.jpg,C:\Users\pc\Desktop\New folder (2)\IMG\right_2020_08_20_14_36_35_332.jpg,0,0.6807011,0,20.88022
C:\Users\pc\Desktop\New folder (2)\IMG\center_2020_08_20_14_36_35_400.jpg,C:\Users\pc\Desktop\New folder (2)\IMG\left_2020_08_20_14_36_35_400.jpg,C:\Users\pc\Desktop\New folder (2)\IMG\right_2020_08_20_14_36_35_400.jpg,0,0.4387418,0,21.23466
C:\Users\pc\Desktop\New folder (2)\IMG\center_2020_08_20_14_36_35_467.jpg,C:\Users\pc\Desktop\New folder (2)\IMG\left_2020_08_20_14_36_35_467.jpg,C:\Users\pc\Desktop\New folder (2)\IMG\right_2020_08_20_14_36_35_467.jpg,0,0.2624955,0,21.22561
C:\Users\pc\Desktop\New folder (2)\IMG\center_2020_08_20_14_36_35_538.jpg,C:\Users\pc\Desktop\New folder (2)\IMG\left_2020_08_20_14_36_35_538.jpg,C:\Users\pc\Desktop\New folder (2)\IMG\right_2020_08_20_14_36_35_538.jpg,0,0.02626653,0,21.16401
C:\Users\pc\Desktop\New folder (2)\IMG\center_2020_08_20_14_36_35_609.jpg,C:\Users\pc\Desktop\New folder (2)\IMG\left_2020_08_20_14_36_35_609.jpg,C:\Users\pc\Desktop\New folder (2)\IMG\right_2020_08_20_14_36_35_609.jpg,0,0,0,21.24689
C:\Users\pc\Desktop\New folder (2)\IMG\center_2020_08_20_14_36_35_676.jpg,C:\Users\pc\Desktop\New folder (2)\IMG\left_2020_08_20_14_36_35_676.jpg,C:\Users\pc\Desktop\New folder (2)\IMG\right_2020_08_20_14_36_35_676.jpg,0,0,0,20.85303
C:\Users\pc\Desktop\New folder (2)\IMG\center_2020_08_20_14_36_35_746.jpg,C:\Users\pc\Desktop\New folder (2)\IMG\left_2020_08_20_14_36_35_746.jpg,C:\Users\pc\Desktop\New folder (2)\IMG\right_2020_08_20_14_36_35_746.jpg,0,0,0,20.67163
C:\Users\pc\Desktop\New folder (2)\IMG\center_2020_08_20_14_36_35_815.jpg,C:\Users\pc\Desktop\New folder (2)\IMG\left_2020_08_20_14_36_35_815.jpg,C:\Users\pc\Desktop\New folder (2)\IMG\right_2020_08_20_14_36_35_815.jpg,0,0,0,20.85266
C:\Users\pc\Desktop\New folder (2)\IMG\center_2020_08_20_14_36_35_884.jpg,C:\Users\pc\Desktop\New folder (2)\IMG\left_2020_08_20_14_36_35_884.jpg,C:\Users\pc\Desktop\New folder (2)\IMG\right_2020_08_20_14_36_35_884.jpg,0,0,0,20.68903
C:\Users\pc\Desktop\New folder (2)\IMG\center_2020_08_20_14_36_35_953.jpg,C:\Users\pc\Desktop\New folder (2)\IMG\left_2020_08_20_14_36_35_953.jpg,C:\Users\pc\Desktop\New folder (2)\IMG\right_2020_08_20_14_36_35_953.jpg,0,0,0,20.24418
C:\Users\pc\Desktop\New folder (2)\IMG\center_2020_08_20_14_36_36_024.jpg,C:\Users\pc\Desktop\New folder (2)\IMG\left_2020_08_20_14_36_36_024.jpg,C:\Users\pc\Desktop\New folder (2)\IMG\right_2020_08_20_14_36_36_024.jpg,0,0,0,20.07544
C:\Users\pc\Desktop\New folder (2)\IMG\center_2020_08_20_14_36_36_094.jpg,C:\Users\pc\Desktop\New folder (2)\IMG\left_2020_08_20_14_36_36_094.jpg,C:\Users\pc\Desktop\New folder (2)\IMG\right_2020_08_20_14_36_36_094.jpg,0,0,0,20.28537
C:\Users\pc\Desktop\New folder (2)\IMG\center_2020_08_20_14_36_36_161.jpg,C:\Users\pc\Desktop\New folder (2)\IMG\left_2020_08_20_14_36_36_161.jpg,C:\Users\pc\Desktop\New folder (2)\IMG\right_2020_08_20_14_36_36_161.jpg,0,0,0,20.12706
C:\Users\pc\Desktop\New folder (2)\IMG\center_2020_08_20_14_36_36_228.jpg,C:\Users\pc\Desktop\New folder (2)\IMG\left_2020_08_20_14_36_36_228.jpg,C:\Users\pc\Desktop\New folder (2)\IMG\right_2020_08_20_14_36_36_228.jpg,0,0,0,19.65622
C:\Users\pc\Desktop\New folder (2)\IMG\center_2020_08_20_14_36_36_295.jpg,C:\Users\pc\Desktop\New folder (2)\IMG\left_2020_08_20_14_36_36_295.jpg,C:\Users\pc\Desktop\New folder (2)\IMG\right_2020_08_20_14_36_36_295.jpg,0,0,0,19.8942
C:\Users\pc\Desktop\New folder (2)\IMG\center_2020_08_20_14_36_36_362.jpg,C:\Users\pc\Desktop\New folder (2)\IMG\left_2020_08_20_14_36_36_362.jpg,C:\Users\pc\Desktop\New folder (2)\IMG\right_2020_08_20_14_36_36_362.jpg,0,0,0,19.74236
C:\Users\pc\Desktop\New folder (2)\IMG\center_2020_08_20_14_36_36_430.jpg,C:\Users\pc\Desktop\New folder (2)\IMG\left_2020_08_20_14_36_36_430.jpg,C:\Users\pc\Desktop\New folder (2)\IMG\right_2020_08_20_14_36_36_430.jpg,0,0.02484176,0,19.238
C:\Users\pc\Desktop\New folder (2)\IMG\center_2020_08_20_14_36_36_498.jpg,C:\Users\pc\Desktop\New folder (2)\IMG\left_2020_08_20_14_36_36_498.jpg,C:\Users\pc\Desktop\New folder (2)\IMG\right_2020_08_20_14_36_36_498.jpg,-0.2,0.2641293,0,19.22034
C:\Users\pc\Desktop\New folder (2)\IMG\center_2020_08_20_14_36_36_565.jpg,C:\Users\pc\Desktop\New folder (2)\IMG\left_2020_08_20_14_36_36_565.jpg,C:\Users\pc\Desktop\New folder (2)\IMG\right_2020_08_20_14_36_36_565.jpg,-0.35,0.4438732,0,19.63997
C:\Users\pc\Desktop\New folder (2)\IMG\center_2020_08_20_14_36_36_636.jpg,C:\Users\pc\Desktop\New folder (2)\IMG\left_2020_08_20_14_36_36_636.jpg,C:\Users\pc\Desktop\New folder (2)\IMG\right_2020_08_20_14_36_36_636.jpg,-0.5000001,0.5576447,0,19.60155
C:\Users\pc\Desktop\New folder (2)\IMG\center_2020_08_20_14_36_36_705.jpg,C:\Users\pc\Desktop\New folder (2)\IMG\left_2020_08_20_14_36_36_705.jpg,C:\Users\pc\Desktop\New folder (2)\IMG\right_2020_08_20_14_36_36_705.jpg,-0.7,0.32794,0,19.69519
C:\Users\pc\Desktop\New folder (2)\IMG\center_2020_08_20_14_36_36_773.jpg,C:\Users\pc\Desktop\New folder (2)\IMG\left_2020_08_20_14_36_36_773.jpg,C:\Users\pc\Desktop\New folder (2)\IMG\right_2020_08_20_14_36_36_773.jpg,-0.8500001,0.1383508,0,19.81098
C:\Users\pc\Desktop\New folder (2)\IMG\center_2020_08_20_14_36_36_841.jpg,C:\Users\pc\Desktop\New folder (2)\IMG\left_2020_08_20_14_36_36_841.jpg,C:\Users\pc\Desktop\New folder (2)\IMG\right_2020_08_20_14_36_36_841.jpg,-1,0,0,19.47779
C:\Users\pc\Desktop\New folder (2)\IMG\center_2020_08_20_14_36_36_907.jpg,C:\Users\pc\Desktop\New folder (2)\IMG\left_2020_08_20_14_36_36_907.jpg,C:\Users\pc\Desktop\New folder (2)\IMG\right_2020_08_20_14_36_36_907.jpg,-1,0,0,18.92194
C:\Users\pc\Desktop\New folder (2)\IMG\center_2020_08_20_14_36_36_977.jpg,C:\Users\pc\Desktop\New folder (2)\IMG\left_2020_08_20_14_36_36_977.jpg,C:\Users\pc\Desktop\New folder (2)\IMG\right_2020_08_20_14_36_36_977.jpg,-1,0,0,18.60709
C:\Users\pc\Desktop\New folder (2)\IMG\center_2020_08_20_14_36_37_049.jpg,C:\Users\pc\Desktop\New folder (2)\IMG\left_2020_08_20_14_36_37_049.jpg,C:\Users\pc\Desktop\New folder (2)\IMG\right_2020_08_20_14_36_37_049.jpg,0,0,0,18.78209
C:\Users\pc\Desktop\New folder (2)\IMG\center_2020_08_20_14_36_37_119.jpg,C:\Users\pc\Desktop\New folder (2)\IMG\left_2020_08_20_14_36_37_119.jpg,C:\Users\pc\Desktop\New folder (2)\IMG\right_2020_08_20_14_36_37_119.jpg,0,0,0,18.51594
C:\Users\pc\Desktop\New folder (2)\IMG\center_2020_08_20_14_36_37_189.jpg,C:\Users\pc\Desktop\New folder (2)\IMG\left_2020_08_20_14_36_37_189.jpg,C:\Users\pc\Desktop\New folder (2)\IMG\right_2020_08_20_14_36_37_189.jpg,0,0,0,17.99713
C:\Users\pc\Desktop\New folder (2)\IMG\center_2020_08_20_14_36_37_257.jpg,C:\Users\pc\Desktop\New folder (2)\IMG\left_2020_08_20_14_36_37_257.jpg,C:\Users\pc\Desktop\New folder (2)\IMG\right_2020_08_20_14_36_37_257.jpg,0,0,0,17.79787
C:\Users\pc\Desktop\New folder (2)\IMG\center_2020_08_20_14_36_37_327.jpg,C:\Users\pc\Desktop\New folder (2)\IMG\left_2020_08_20_14_36_37_327.jpg,C:\Users\pc\Desktop\New folder (2)\IMG\right_2020_08_20_14_36_37_327.jpg,0.15,0,0,18.13052
C:\Users\pc\Desktop\New folder (2)\IMG\center_2020_08_20_14_36_37_396.jpg,C:\Users\pc\Desktop\New folder (2)\IMG\left_2020_08_20_14_36_37_396.jpg,C:\Users\pc\Desktop\New folder (2)\IMG\right_2020_08_20_14_36_37_396.jpg,0.3,0,0,17.50192
C:\Users\pc\Desktop\New folder (2)\IMG\center_2020_08_20_14_36_37_463.jpg,C:\Users\pc\Desktop\New folder (2)\IMG\left_2020_08_20_14_36_37_463.jpg,C:\Users\pc\Desktop\New folder (2)\IMG\right_2020_08_20_14_36_37_463.jpg,0.5000001,0,0,17.2642
C:\Users\pc\Desktop\New folder (2)\IMG\center_2020_08_20_14_36_37_533.jpg,C:\Users\pc\Desktop\New folder (2)\IMG\left_2020_08_20_14_36_37_533.jpg,C:\Users\pc\Desktop\New folder (2)\IMG\right_2020_08_20_14_36_37_533.jpg,0.6500001,0,0,17.50785
C:\Users\pc\Desktop\New folder (2)\IMG\center_2020_08_20_14_36_37_601.jpg,C:\Users\pc\Desktop\New folder (2)\IMG\left_2020_08_20_14_36_37_601.jpg,C:\Users\pc\Desktop\New folder (2)\IMG\right_2020_08_20_14_36_37_601.jpg,0,0,0,17.19631
C:\Users\pc\Desktop\New folder (2)\IMG\center_2020_08_20_14_36_37_670.jpg,C:\Users\pc\Desktop\New folder (2)\IMG\left_2020_08_20_14_36_37_670.jpg,C:\Users\pc\Desktop\New folder (2)\IMG\right_2020_08_20_14_36_37_670.jpg,0,0,0,16.61369
C:\Users\pc\Desktop\New folder (2)\IMG\center_2020_08_20_14_36_37_739.jpg,C:\Users\pc\Desktop\New folder (2)\IMG\left_2020_08_20_14_36_37_739.jpg,C:\Users\pc\Desktop\New folder (2)\IMG\right_2020_08_20_14_36_37_739.jpg,0,0,0,16.41809
C:\Users\pc\Desktop\New folder (2)\IMG\center_2020_08_20_14_36_37_806.jpg,C:\Users\pc\Desktop\New folder (2)\IMG\left_2020_08_20_14_36_37_806.jpg,C:\Users\pc\Desktop\New folder (2)\IMG\right_2020_08_20_14_36_37_806.jpg,0,0,0,16.84662
C:\Users\pc\Desktop\New folder (2)\IMG\center_2020_08_20_14_36_37_874.jpg,C:\Users\pc\Desktop\New folder (2)\IMG\left_2020_08_20_14_36_37_874.jpg,C:\Users\pc\Desktop\New folder (2)\IMG\right_2020_08_20_14_36_37_874.jpg,0,0,0,16.20783
C:\Users\pc\Desktop\New folder (2)\IMG\center_2020_08_20_14_36_37_945.jpg,C:\Users\pc\Desktop\New folder (2)\IMG\left_2020_08_20_14_36_37_945.jpg,C:\Users\pc\Desktop\New folder (2)\IMG\right_2020_08_20_14_36_37_945.jpg,0,0,0,16.06998
C:\Users\pc\Desktop\New folder (2)\IMG\center_2020_08_20_14_36_38_011.jpg,C:\Users\pc\Desktop\New folder (2)\IMG\left_2020_08_20_14_36_38_011.jpg,C:\Users\pc\Desktop\New folder (2)\IMG\right_2020_08_20_14_36_38_011.jpg,0,0,0,16.51396
C:\Users\pc\Desktop\New folder (2)\IMG\center_2020_08_20_14_36_38_079.jpg,C:\Users\pc\Desktop\New folder (2)\IMG\left_2020_08_20_14_36_38_079.jpg,C:\Users\pc\Desktop\New folder (2)\IMG\right_2020_08_20_14_36_38_079.jpg,0,0,0,16.38496
C:\Users\pc\Desktop\New folder (2)\IMG\center_2020_08_20_14_36_38_145.jpg,C:\Users\pc\Desktop\New folder (2)\IMG\left_2020_08_20_14_36_38_145.jpg,C:\Users\pc\Desktop\New folder (2)\IMG\right_2020_08_20_14_36_38_145.jpg,0,0,0,15.74615
C:\Users\pc\Desktop\New folder (2)\IMG\center_2020_08_20_14_36_38_212.jpg,C:\Users\pc\Desktop\New folder (2)\IMG\left_2020_08_20_14_36_38_212.jpg,C:\Users\pc\Desktop\New folder (2)\IMG\right_2020_08_20_14_36_38_212.jpg,0,0,0,16.19604
C:\Users\pc\Desktop\New folder (2)\IMG\center_2020_08_20_14_36_38_284.jpg,C:\Users\pc\Desktop\New folder (2)\IMG\left_2020_08_20_14_36_38_284.jpg,C:\Users\pc\Desktop\New folder (2)\IMG\right_2020_08_20_14_36_38_284.jpg,0,0,0,16.07243
C:\Users\pc\Desktop\New folder (2)\IMG\center_2020_08_20_14_36_38_354.jpg,C:\Users\pc\Desktop\New folder (2)\IMG\left_2020_08_20_14_36_38_354.jpg,C:\Users\pc\Desktop\New folder (2)\IMG\right_2020_08_20_14_36_38_354.jpg,0,0,0,15.45061
C:\Users\pc\Desktop\New folder (2)\IMG\center_2020_08_20_14_36_38_421.jpg,C:\Users\pc\Desktop\New folder (2)\IMG\left_2020_08_20_14_36_38_421.jpg,C:\Users\pc\Desktop\New folder (2)\IMG\right_2020_08_20_14_36_38_421.jpg,0,0,0,15.32559
C:\Users\pc\Desktop\New folder (2)\IMG\center_2020_08_20_14_36_38_489.jpg,C:\Users\pc\Desktop\New folder (2)\IMG\left_2020_08_20_14_36_38_489.jpg,C:\Users\pc\Desktop\New folder (2)\IMG\right_2020_08_20_14_36_38_489.jpg,0,0,0,15.76296
C:\Users\pc\Desktop\New folder (2)\IMG\center_2020_08_20_14_36_38_556.jpg,C:\Users\pc\Desktop\New folder (2)\IMG\left_2020_08_20_14_36_38_556.jpg,C:\Users\pc\Desktop\New folder (2)\IMG\right_2020_08_20_14_36_38_556.jpg,0,0,0,15.14852
C:\Users\pc\Desktop\New folder (2)\IMG\center_2020_08_20_14_36_38_626.jpg,C:\Users\pc\Desktop\New folder (2)\IMG\left_2020_08_20_14_36_38_626.jpg,C:\Users\pc\Desktop\New folder (2)\IMG\right_2020_08_20_14_36_38_626.jpg,0,0,0,15.02837
C:\Users\pc\Desktop\New folder (2)\IMG\center_2020_08_20_14_36_38_695.jpg,C:\Users\pc\Desktop\New folder (2)\IMG\left_2020_08_20_14_36_38_695.jpg,C:\Users\pc\Desktop\New folder (2)\IMG\right_2020_08_20_14_36_38_695.jpg,0,0,0,15.45776
C:\Users\pc\Desktop\New folder (2)\IMG\center_2020_08_20_14_36_38_763.jpg,C:\Users\pc\Desktop\New folder (2)\IMG\left_2020_08_20_14_36_38_763.jpg,C:\Users\pc\Desktop\New folder (2)\IMG\right_2020_08_20_14_36_38_763.jpg,0,0,0,15.33542
C:\Users\pc\Desktop\New folder (2)\IMG\center_2020_08_20_14_36_38_834.jpg,C:\Users\pc\Desktop\New folder (2)\IMG\left_2020_08_20_14_36_38_834.jpg,C:\Users\pc\Desktop\New folder (2)\IMG\right_2020_08_20_14_36_38_834.jpg,0,0,0,14.734
C:\Users\pc\Desktop\New folder (2)\IMG\center_2020_08_20_14_36_38_902.jpg,C:\Users\pc\Desktop\New folder (2)\IMG\left_2020_08_20_14_36_38_902.jpg,C:\Users\pc\Desktop\New folder (2)\IMG\right_2020_08_20_14_36_38_902.jpg,-0.05,0.0771758,0,14.60506
C:\Users\pc\Desktop\New folder (2)\IMG\center_2020_08_20_14_36_38_972.jpg,C:\Users\pc\Desktop\New folder (2)\IMG\left_2020_08_20_14_36_38_972.jpg,C:\Users\pc\Desktop\New folder (2)\IMG\right_2020_08_20_14_36_38_972.jpg,-0.2,0.2647936,0,15.08923
C:\Users\pc\Desktop\New folder (2)\IMG\center_2020_08_20_14_36_39_042.jpg,C:\Users\pc\Desktop\New folder (2)\IMG\left_2020_08_20_14_36_39_042.jpg,C:\Users\pc\Desktop\New folder (2)\IMG\right_2020_08_20_14_36_39_042.jpg,-0.4,0.5005975,0,15.28053
C:\Users\pc\Desktop\New folder (2)\IMG\center_2020_08_20_14_36_39_113.jpg,C:\Users\pc\Desktop\New folder (2)\IMG\left_2020_08_20_14_36_39_113.jpg,C:\Users\pc\Desktop\New folder (2)\IMG\right_2020_08_20_14_36_39_113.jpg,-0.5500001,0.6866403,0,15.30691
C:\Users\pc\Desktop\New folder (2)\IMG\center_2020_08_20_14_36_39_183.jpg,C:\Users\pc\Desktop\New folder (2)\IMG\left_2020_08_20_14_36_39_183.jpg,C:\Users\pc\Desktop\New folder (2)\IMG\right_2020_08_20_14_36_39_183.jpg,-0.7500002,0.9230075,0,15.82213
C:\Users\pc\Desktop\New folder (2)\IMG\center_2020_08_20_14_36_39_253.jpg,C:\Users\pc\Desktop\New folder (2)\IMG\left_2020_08_20_14_36_39_253.jpg,C:\Users\pc\Desktop\New folder (2)\IMG\right_2020_08_20_14_36_39_253.jpg,-0.9000002,0.814336,0,16.38199
C:\Users\pc\Desktop\New folder (2)\IMG\center_2020_08_20_14_36_39_323.jpg,C:\Users\pc\Desktop\New folder (2)\IMG\left_2020_08_20_14_36_39_323.jpg,C:\Users\pc\Desktop\New folder (2)\IMG\right_2020_08_20_14_36_39_323.jpg,-1,0.5782482,0,16.72947
C:\Users\pc\Desktop\New folder (2)\IMG\center_2020_08_20_14_36_39_392.jpg,C:\Users\pc\Desktop\New folder (2)\IMG\left_2020_08_20_14_36_39_392.jpg,C:\Users\pc\Desktop\New folder (2)\IMG\right_2020_08_20_14_36_39_392.jpg,-1,0.3983481,0,16.77003
C:\Users\pc\Desktop\New folder (2)\IMG\center_2020_08_20_14_36_39_464.jpg,C:\Users\pc\Desktop\New folder (2)\IMG\left_2020_08_20_14_36_39_464.jpg,C:\Users\pc\Desktop\New folder (2)\IMG\right_2020_08_20_14_36_39_464.jpg,-1,0.1619428,0,16.8156
C:\Users\pc\Desktop\New folder (2)\IMG\center_2020_08_20_14_36_39_531.jpg,C:\Users\pc\Desktop\New folder (2)\IMG\left_2020_08_20_14_36_39_531.jpg,C:\Users\pc\Desktop\New folder (2)\IMG\right_2020_08_20_14_36_39_531.jpg,-1,0,0,16.82258
C:\Users\pc\Desktop\New folder (2)\IMG\center_2020_08_20_14_36_39_599.jpg,C:\Users\pc\Desktop\New folder (2)\IMG\left_2020_08_20_14_36_39_599.jpg,C:\Users\pc\Desktop\New folder (2)\IMG\right_2020_08_20_14_36_39_599.jpg,-1,0,0,16.64717
C:\Users\pc\Desktop\New folder (2)\IMG\center_2020_08_20_14_36_39_670.jpg,C:\Users\pc\Desktop\New folder (2)\IMG\left_2020_08_20_14_36_39_670.jpg,C:\Users\pc\Desktop\New folder (2)\IMG\right_2020_08_20_14_36_39_670.jpg,-1,0,0,16.39674
C:\Users\pc\Desktop\New folder (2)\IMG\center_2020_08_20_14_36_39_738.jpg,C:\Users\pc\Desktop\New folder (2)\IMG\left_2020_08_20_14_36_39_738.jpg,C:\Users\pc\Desktop\New folder (2)\IMG\right_2020_08_20_14_36_39_738.jpg,-0.8500001,0,0,16.22241
C:\Users\pc\Desktop\New folder (2)\IMG\center_2020_08_20_14_36_39_809.jpg,C:\Users\pc\Desktop\New folder (2)\IMG\left_2020_08_20_14_36_39_809.jpg,C:\Users\pc\Desktop\New folder (2)\IMG\right_2020_08_20_14_36_39_809.jpg,-0.7,0,0,16.35759
C:\Users\pc\Desktop\New folder (2)\IMG\center_2020_08_20_14_36_39_878.jpg,C:\Users\pc\Desktop\New folder (2)\IMG\left_2020_08_20_14_36_39_878.jpg,C:\Users\pc\Desktop\New folder (2)\IMG\right_2020_08_20_14_36_39_878.jpg,-0.5,0,0,16.11146
C:\Users\pc\Desktop\New folder (2)\IMG\center_2020_08_20_14_36_39_946.jpg,C:\Users\pc\Desktop\New folder (2)\IMG\left_2020_08_20_14_36_39_946.jpg,C:\Users\pc\Desktop\New folder (2)\IMG\right_2020_08_20_14_36_39_946.jpg,-0.35,0,0,16.01031
C:\Users\pc\Desktop\New folder (2)\IMG\center_2020_08_20_14_36_40_017.jpg,C:\Users\pc\Desktop\New folder (2)\IMG\left_2020_08_20_14_36_40_017.jpg,C:\Users\pc\Desktop\New folder (2)\IMG\right_2020_08_20_14_36_40_017.jpg,-0.2,0,0,15.80008
C:\Users\pc\Desktop\New folder (2)\IMG\center_2020_08_20_14_36_40_085.jpg,C:\Users\pc\Desktop\New folder (2)\IMG\left_2020_08_20_14_36_40_085.jpg,C:\Users\pc\Desktop\New folder (2)\IMG\right_2020_08_20_14_36_40_085.jpg,3.72529E-08,0,0,15.32776
C:\Users\pc\Desktop\New folder (2)\IMG\center_2020_08_20_14_36_40_153.jpg,C:\Users\pc\Desktop\New folder (2)\IMG\left_2020_08_20_14_36_40_153.jpg,C:\Users\pc\Desktop\New folder (2)\IMG\right_2020_08_20_14_36_40_153.jpg,0.15,0,0,15.32753
C:\Users\pc\Desktop\New folder (2)\IMG\center_2020_08_20_14_36_40_221.jpg,C:\Users\pc\Desktop\New folder (2)\IMG\left_2020_08_20_14_36_40_221.jpg,C:\Users\pc\Desktop\New folder (2)\IMG\right_2020_08_20_14_36_40_221.jpg,0.35,0,0,15.31507
C:\Users\pc\Desktop\New folder (2)\IMG\center_2020_08_20_14_36_40_290.jpg,C:\Users\pc\Desktop\New folder (2)\IMG\left_2020_08_20_14_36_40_290.jpg,C:\Users\pc\Desktop\New folder (2)\IMG\right_2020_08_20_14_36_40_290.jpg,0.5000001,0,0,14.98893
C:\Users\pc\Desktop\New folder (2)\IMG\center_2020_08_20_14_36_40_361.jpg,C:\Users\pc\Desktop\New folder (2)\IMG\left_2020_08_20_14_36_40_361.jpg,C:\Users\pc\Desktop\New folder (2)\IMG\right_2020_08_20_14_36_40_361.jpg,0.7,0,0,14.60471
C:\Users\pc\Desktop\New folder (2)\IMG\center_2020_08_20_14_36_40_430.jpg,C:\Users\pc\Desktop\New folder (2)\IMG\left_2020_08_20_14_36_40_430.jpg,C:\Users\pc\Desktop\New folder (2)\IMG\right_2020_08_20_14_36_40_430.jpg,0.8500001,0,0,12.55622
C:\Users\pc\Desktop\New folder (2)\IMG\center_2020_08_20_14_36_40_500.jpg,C:\Users\pc\Desktop\New folder (2)\IMG\left_2020_08_20_14_36_40_500.jpg,C:\Users\pc\Desktop\New folder (2)\IMG\right_2020_08_20_14_36_40_500.jpg,1,0,0,11.79181
C:\Users\pc\Desktop\New folder (2)\IMG\center_2020_08_20_14_36_40_568.jpg,C:\Users\pc\Desktop\New folder (2)\IMG\left_2020_08_20_14_36_40_568.jpg,C:\Users\pc\Desktop\New folder (2)\IMG\right_2020_08_20_14_36_40_568.jpg,1,0,0,11.49968
C:\Users\pc\Desktop\New folder (2)\IMG\center_2020_08_20_14_36_40_637.jpg,C:\Users\pc\Desktop\New folder (2)\IMG\left_2020_08_20_14_36_40_637.jpg,C:\Users\pc\Desktop\New folder (2)\IMG\right_2020_08_20_14_36_40_637.jpg,1,0,0,10.80318
C:\Users\pc\Desktop\New folder (2)\IMG\center_2020_08_20_14_36_40_703.jpg,C:\Users\pc\Desktop\New folder (2)\IMG\left_2020_08_20_14_36_40_703.jpg,C:\Users\pc\Desktop\New folder (2)\IMG\right_2020_08_20_14_36_40_703.jpg,1,0,0,10.40393
C:\Users\pc\Desktop\New folder (2)\IMG\center_2020_08_20_14_36_40_771.jpg,C:\Users\pc\Desktop\New folder (2)\IMG\left_2020_08_20_14_36_40_771.jpg,C:\Users\pc\Desktop\New folder (2)\IMG\right_2020_08_20_14_36_40_771.jpg,1,0,0,9.983184
C:\Users\pc\Desktop\New folder (2)\IMG\center_2020_08_20_14_36_40_843.jpg,C:\Users\pc\Desktop\New folder (2)\IMG\left_2020_08_20_14_36_40_843.jpg,C:\Users\pc\Desktop\New folder (2)\IMG\right_2020_08_20_14_36_40_843.jpg,1,0,0,9.354927
C:\Users\pc\Desktop\New folder (2)\IMG\center_2020_08_20_14_36_40_910.jpg,C:\Users\pc\Desktop\New folder (2)\IMG\left_2020_08_20_14_36_40_910.jpg,C:\Users\pc\Desktop\New folder (2)\IMG\right_2020_08_20_14_36_40_910.jpg,1,0,0,8.881763
C:\Users\pc\Desktop\New folder (2)\IMG\center_2020_08_20_14_36_40_978.jpg,C:\Users\pc\Desktop\New folder (2)\IMG\left_2020_08_20_14_36_40_978.jpg,C:\Users\pc\Desktop\New folder (2)\IMG\right_2020_08_20_14_36_40_978.jpg,1,0,0,6.390128
C:\Users\pc\Desktop\New folder (2)\IMG\center_2020_08_20_14_36_41_048.jpg,C:\Users\pc\Desktop\New folder (2)\IMG\left_2020_08_20_14_36_41_048.jpg,C:\Users\pc\Desktop\New folder (2)\IMG\right_2020_08_20_14_36_41_048.jpg,1,0,0,4.751652
C:\Users\pc\Desktop\New folder (2)\IMG\center_2020_08_20_14_36_41_116.jpg,C:\Users\pc\Desktop\New folder (2)\IMG\left_2020_08_20_14_36_41_116.jpg,C:\Users\pc\Desktop\New folder (2)\IMG\right_2020_08_20_14_36_41_116.jpg,1,0,0,3.114304
C:\Users\pc\Desktop\New folder (2)\IMG\center_2020_08_20_14_36_41_183.jpg,C:\Users\pc\Desktop\New folder (2)\IMG\left_2020_08_20_14_36_41_183.jpg,C:\Users\pc\Desktop\New folder (2)\IMG\right_2020_08_20_14_36_41_183.jpg,1,0,0,1.183231
C:\Users\pc\Desktop\New folder (2)\IMG\center_2020_08_20_14_36_41_250.jpg,C:\Users\pc\Desktop\New folder (2)\IMG\left_2020_08_20_14_36_41_250.jpg,C:\Users\pc\Desktop\New folder (2)\IMG\right_2020_08_20_14_36_41_250.jpg,1,0,0,0.1023586
C:\Users\pc\Desktop\New folder (2)\IMG\center_2020_08_20_14_36_41_320.jpg,C:\Users\pc\Desktop\New folder (2)\IMG\left_2020_08_20_14_36_41_320.jpg,C:\Users\pc\Desktop\New folder (2)\IMG\right_2020_08_20_14_36_41_320.jpg,1,0,0,0.09210554
C:\Users\pc\Desktop\New folder (2)\IMG\center_2020_08_20_14_36_41_391.jpg,C:\Users\pc\Desktop\New folder (2)\IMG\left_2020_08_20_14_36_41_391.jpg,C:\Users\pc\Desktop\New folder (2)\IMG\right_2020_08_20_14_36_41_391.jpg,1,0,0,0.0998783
C:\Users\pc\Desktop\New folder (2)\IMG\center_2020_08_20_14_36_41_459.jpg,C:\Users\pc\Desktop\New folder (2)\IMG\left_2020_08_20_14_36_41_459.jpg,C:\Users\pc\Desktop\New folder (2)\IMG\right_2020_08_20_14_36_41_459.jpg,1,0,0,0.0809962
C:\Users\pc\Desktop\New folder (2)\IMG\center_2020_08_20_14_36_41_528.jpg,C:\Users\pc\Desktop\New folder (2)\IMG\left_2020_08_20_14_36_41_528.jpg,C:\Users\pc\Desktop\New folder (2)\IMG\right_2020_08_20_14_36_41_528.jpg,0,0,0,0.05538263
C:\Users\pc\Desktop\New folder (2)\IMG\center_2020_08_20_14_36_41_599.jpg,C:\Users\pc\Desktop\New folder (2)\IMG\left_2020_08_20_14_36_41_599.jpg,C:\Users\pc\Desktop\New folder (2)\IMG\right_2020_08_20_14_36_41_599.jpg,0,0,0,0.0264275
C:\Users\pc\Desktop\New folder (2)\IMG\center_2020_08_20_14_36_41_670.jpg,C:\Users\pc\Desktop\New folder (2)\IMG\left_2020_08_20_14_36_41_670.jpg,C:\Users\pc\Desktop\New folder (2)\IMG\right_2020_08_20_14_36_41_670.jpg,0,0,0,0.01105401
C:\Users\pc\Desktop\New folder (2)\IMG\center_2020_08_20_14_36_41_741.jpg,C:\Users\pc\Desktop\New folder (2)\IMG\left_2020_08_20_14_36_41_741.jpg,C:\Users\pc\Desktop\New folder (2)\IMG\right_2020_08_20_14_36_41_741.jpg,0,0,0,0.001298007
C:\Users\pc\Desktop\New folder (2)\IMG\center_2020_08_20_14_36_41_813.jpg,C:\Users\pc\Desktop\New folder (2)\IMG\left_2020_08_20_14_36_41_813.jpg,C:\Users\pc\Desktop\New folder (2)\IMG\right_2020_08_20_14_36_41_813.jpg,0,0,0,0.004991372
C:\Users\pc\Desktop\New folder (2)\IMG\center_2020_08_20_14_36_41_882.jpg,C:\Users\pc\Desktop\New folder (2)\IMG\left_2020_08_20_14_36_41_882.jpg,C:\Users\pc\Desktop\New folder (2)\IMG\right_2020_08_20_14_36_41_882.jpg,0,0,0,0.006116755
C:\Users\pc\Desktop\New folder (2)\IMG\center_2020_08_20_14_36_41_953.jpg,C:\Users\pc\Desktop\New folder (2)\IMG\left_2020_08_20_14_36_41_953.jpg,C:\Users\pc\Desktop\New folder (2)\IMG\right_2020_08_20_14_36_41_953.jpg,0,0,0,0.004992351
C:\Users\pc\Desktop\New folder (2)\IMG\center_2020_08_20_14_36_42_024.jpg,C:\Users\pc\Desktop\New folder (2)\IMG\left_2020_08_20_14_36_42_024.jpg,C:\Users\pc\Desktop\New folder (2)\IMG\right_2020_08_20_14_36_42_024.jpg,0,0,0,0.002604983
C:\Users\pc\Desktop\New folder (2)\IMG\center_2020_08_20_14_36_42_092.jpg,C:\Users\pc\Desktop\New folder (2)\IMG\left_2020_08_20_14_36_42_092.jpg,C:\Users\pc\Desktop\New folder (2)\IMG\right_2020_08_20_14_36_42_092.jpg,0,0,0,0.001520605
C:\Users\pc\Desktop\New folder (2)\IMG\center_2020_08_20_14_36_42_161.jpg,C:\Users\pc\Desktop\New folder (2)\IMG\left_2020_08_20_14_36_42_161.jpg,C:\Users\pc\Desktop\New folder (2)\IMG\right_2020_08_20_14_36_42_161.jpg,0,0,0,0.0008754185
C:\Users\pc\Desktop\New folder (2)\IMG\center_2020_08_20_14_36_42_232.jpg,C:\Users\pc\Desktop\New folder (2)\IMG\left_2020_08_20_14_36_42_232.jpg,C:\Users\pc\Desktop\New folder (2)\IMG\right_2020_08_20_14_36_42_232.jpg,0,0,0,0.02039719
C:\Users\pc\Desktop\New folder (2)\IMG\center_2020_08_20_14_36_42_304.jpg,C:\Users\pc\Desktop\New folder (2)\IMG\left_2020_08_20_14_36_42_304.jpg,C:\Users\pc\Desktop\New folder (2)\IMG\right_2020_08_20_14_36_42_304.jpg,0,0,0,0.01955145
C:\Users\pc\Desktop\New folder (2)\IMG\center_2020_08_20_14_36_42_370.jpg,C:\Users\pc\Desktop\New folder (2)\IMG\left_2020_08_20_14_36_42_370.jpg,C:\Users\pc\Desktop\New folder (2)\IMG\right_2020_08_20_14_36_42_370.jpg,0,0,0,0.01618786
C:\Users\pc\Desktop\New folder (2)\IMG\center_2020_08_20_14_36_42_438.jpg,C:\Users\pc\Desktop\New folder (2)\IMG\left_2020_08_20_14_36_42_438.jpg,C:\Users\pc\Desktop\New folder (2)\IMG\right_2020_08_20_14_36_42_438.jpg,0,0,0,0.0115221
C:\Users\pc\Desktop\New folder (2)\IMG\center_2020_08_20_14_36_42_509.jpg,C:\Users\pc\Desktop\New folder (2)\IMG\left_2020_08_20_14_36_42_509.jpg,C:\Users\pc\Desktop\New folder (2)\IMG\right_2020_08_20_14_36_42_509.jpg,0,0,0,0.008665152
C:\Users\pc\Desktop\New folder (2)\IMG\center_2020_08_20_14_36_42_579.jpg,C:\Users\pc\Desktop\New folder (2)\IMG\left_2020_08_20_14_36_42_579.jpg,C:\Users\pc\Desktop\New folder (2)\IMG\right_2020_08_20_14_36_42_579.jpg,0,0,0,0.006523237
C:\Users\pc\Desktop\New folder (2)\IMG\center_2020_08_20_14_36_42_648.jpg,C:\Users\pc\Desktop\New folder (2)\IMG\left_2020_08_20_14_36_42_648.jpg,C:\Users\pc\Desktop\New folder (2)\IMG\right_2020_08_20_14_36_42_648.jpg,0,0,0,0.00475079
C:\Users\pc\Desktop\New folder (2)\IMG\center_2020_08_20_14_36_42_717.jpg,C:\Users\pc\Desktop\New folder (2)\IMG\left_2020_08_20_14_36_42_717.jpg,C:\Users\pc\Desktop\New folder (2)\IMG\right_2020_08_20_14_36_42_717.jpg,0,0,0,0.00362266
C:\Users\pc\Desktop\New folder (2)\IMG\center_2020_08_20_14_36_42_787.jpg,C:\Users\pc\Desktop\New folder (2)\IMG\left_2020_08_20_14_36_42_787.jpg,C:\Users\pc\Desktop\New folder (2)\IMG\right_2020_08_20_14_36_42_787.jpg,0,0,0,0.003088498
C:\Users\pc\Desktop\New folder (2)\IMG\center_2020_08_20_14_36_42_856.jpg,C:\Users\pc\Desktop\New folder (2)\IMG\left_2020_08_20_14_36_42_856.jpg,C:\Users\pc\Desktop\New folder (2)\IMG\right_2020_08_20_14_36_42_856.jpg,0,0,0,0.002732538
C:\Users\pc\Desktop\New folder (2)\IMG\center_2020_08_20_14_36_42_927.jpg,C:\Users\pc\Desktop\New folder (2)\IMG\left_2020_08_20_14_36_42_927.jpg,C:\Users\pc\Desktop\New folder (2)\IMG\right_2020_08_20_14_36_42_927.jpg,0,0,0,0.002464716
C:\Users\pc\Desktop\New folder (2)\IMG\center_2020_08_20_14_36_42_996.jpg,C:\Users\pc\Desktop\New folder (2)\IMG\left_2020_08_20_14_36_42_996.jpg,C:\Users\pc\Desktop\New folder (2)\IMG\right_2020_08_20_14_36_42_996.jpg,0,0,0,0.002437854
C:\Users\pc\Desktop\New folder (2)\IMG\center_2020_08_20_14_36_43_066.jpg,C:\Users\pc\Desktop\New folder (2)\IMG\left_2020_08_20_14_36_43_066.jpg,C:\Users\pc\Desktop\New folder (2)\IMG\right_2020_08_20_14_36_43_066.jpg,0,0,0,0.002479033
C:\Users\pc\Desktop\New folder (2)\IMG\center_2020_08_20_14_36_43_138.jpg,C:\Users\pc\Desktop\New folder (2)\IMG\left_2020_08_20_14_36_43_138.jpg,C:\Users\pc\Desktop\New folder (2)\IMG\right_2020_08_20_14_36_43_138.jpg,0,0,0,0.00234546
C:\Users\pc\Desktop\New folder (2)\IMG\center_2020_08_20_14_36_43_207.jpg,C:\Users\pc\Desktop\New folder (2)\IMG\left_2020_08_20_14_36_43_207.jpg,C:\Users\pc\Desktop\New folder (2)\IMG\right_2020_08_20_14_36_43_207.jpg,0,0,0,0.002450269
C:\Users\pc\Desktop\New folder (2)\IMG\center_2020_08_20_14_36_43_275.jpg,C:\Users\pc\Desktop\New folder (2)\IMG\left_2020_08_20_14_36_43_275.jpg,C:\Users\pc\Desktop\New folder (2)\IMG\right_2020_08_20_14_36_43_275.jpg,0,0,0,0.00232473
C:\Users\pc\Desktop\New folder (2)\IMG\center_2020_08_20_14_36_43_345.jpg,C:\Users\pc\Desktop\New folder (2)\IMG\left_2020_08_20_14_36_43_345.jpg,C:\Users\pc\Desktop\New folder (2)\IMG\right_2020_08_20_14_36_43_345.jpg,0,0,0,0.002331961
C:\Users\pc\Desktop\New folder (2)\IMG\center_2020_08_20_14_36_43_414.jpg,C:\Users\pc\Desktop\New folder (2)\IMG\left_2020_08_20_14_36_43_414.jpg,C:\Users\pc\Desktop\New folder (2)\IMG\right_2020_08_20_14_36_43_414.jpg,0,0,0,0.002327517
C:\Users\pc\Desktop\New folder (2)\IMG\center_2020_08_20_14_36_43_481.jpg,C:\Users\pc\Desktop\New folder (2)\IMG\left_2020_08_20_14_36_43_481.jpg,C:\Users\pc\Desktop\New folder (2)\IMG\right_2020_08_20_14_36_43_481.jpg,0,0,0,0.002327323
C:\Users\pc\Desktop\New folder (2)\IMG\center_2020_08_20_14_36_43_551.jpg,C:\Users\pc\Desktop\New folder (2)\IMG\left_2020_08_20_14_36_43_551.jpg,C:\Users\pc\Desktop\New folder (2)\IMG\right_2020_08_20_14_36_43_551.jpg,0,0,0,0.002446864
C:\Users\pc\Desktop\New folder (2)\IMG\center_2020_08_20_14_36_43_620.jpg,C:\Users\pc\Desktop\New folder (2)\IMG\left_2020_08_20_14_36_43_620.jpg,C:\Users\pc\Desktop\New folder (2)\IMG\right_2020_08_20_14_36_43_620.jpg,0,0,0,0.002442051
C:\Users\pc\Desktop\New folder (2)\IMG\center_2020_08_20_14_36_43_689.jpg,C:\Users\pc\Desktop\New folder (2)\IMG\left_2020_08_20_14_36_43_689.jpg,C:\Users\pc\Desktop\New folder (2)\IMG\right_2020_08_20_14_36_43_689.jpg,0,0,0,0.002340559
C:\Users\pc\Desktop\New folder (2)\IMG\center_2020_08_20_14_36_43_759.jpg,C:\Users\pc\Desktop\New folder (2)\IMG\left_2020_08_20_14_36_43_759.jpg,C:\Users\pc\Desktop\New folder (2)\IMG\right_2020_08_20_14_36_43_759.jpg,0,0,0,0.00233955
C:\Users\pc\Desktop\New folder (2)\IMG\center_2020_08_20_14_36_43_827.jpg,C:\Users\pc\Desktop\New folder (2)\IMG\left_2020_08_20_14_36_43_827.jpg,C:\Users\pc\Desktop\New folder (2)\IMG\right_2020_08_20_14_36_43_827.jpg,0,0,0,0.002332264
C:\Users\pc\Desktop\New folder (2)\IMG\center_2020_08_20_14_36_43_897.jpg,C:\Users\pc\Desktop\New folder (2)\IMG\left_2020_08_20_14_36_43_897.jpg,C:\Users\pc\Desktop\New folder (2)\IMG\right_2020_08_20_14_36_43_897.jpg,0,0,0,0.002334173
C:\Users\pc\Desktop\New folder (2)\IMG\center_2020_08_20_14_36_43_968.jpg,C:\Users\pc\Desktop\New folder (2)\IMG\left_2020_08_20_14_36_43_968.jpg,C:\Users\pc\Desktop\New folder (2)\IMG\right_2020_08_20_14_36_43_968.jpg,0,0,0,0.002328185
C:\Users\pc\Desktop\New folder (2)\IMG\center_2020_08_20_14_36_44_038.jpg,C:\Users\pc\Desktop\New folder (2)\IMG\left_2020_08_20_14_36_44_038.jpg,C:\Users\pc\Desktop\New folder (2)\IMG\right_2020_08_20_14_36_44_038.jpg,0,0,0,0.002348424
C:\Users\pc\Desktop\New folder (2)\IMG\center_2020_08_20_14_36_44_105.jpg,C:\Users\pc\Desktop\New folder (2)\IMG\left_2020_08_20_14_36_44_105.jpg,C:\Users\pc\Desktop\New folder (2)\IMG\right_2020_08_20_14_36_44_105.jpg,0,0,0,0.002446885
C:\Users\pc\Desktop\New folder (2)\IMG\center_2020_08_20_14_36_44_178.jpg,C:\Users\pc\Desktop\New folder (2)\IMG\left_2020_08_20_14_36_44_178.jpg,C:\Users\pc\Desktop\New folder (2)\IMG\right_2020_08_20_14_36_44_178.jpg,0,0,0,0.002438819
C:\Users\pc\Desktop\New folder (2)\IMG\center_2020_08_20_14_36_44_246.jpg,C:\Users\pc\Desktop\New folder (2)\IMG\left_2020_08_20_14_36_44_246.jpg,C:\Users\pc\Desktop\New folder (2)\IMG\right_2020_08_20_14_36_44_246.jpg,0,0,0,0.002335749
C:\Users\pc\Desktop\New folder (2)\IMG\center_2020_08_20_14_36_44_317.jpg,C:\Users\pc\Desktop\New folder (2)\IMG\left_2020_08_20_14_36_44_317.jpg,C:\Users\pc\Desktop\New folder (2)\IMG\right_2020_08_20_14_36_44_317.jpg,0,0,0,0.002350472
C:\Users\pc\Desktop\New folder (2)\IMG\center_2020_08_20_14_36_44_386.jpg,C:\Users\pc\Desktop\New folder (2)\IMG\left_2020_08_20_14_36_44_386.jpg,C:\Users\pc\Desktop\New folder (2)\IMG\right_2020_08_20_14_36_44_386.jpg,0,0,0,0.002333401
C:\Users\pc\Desktop\New folder (2)\IMG\center_2020_08_20_14_36_44_456.jpg,C:\Users\pc\Desktop\New folder (2)\IMG\left_2020_08_20_14_36_44_456.jpg,C:\Users\pc\Desktop\New folder (2)\IMG\right_2020_08_20_14_36_44_456.jpg,0,0,0,0.002334106
C:\Users\pc\Desktop\New folder (2)\IMG\center_2020_08_20_14_36_44_527.jpg,C:\Users\pc\Desktop\New folder (2)\IMG\left_2020_08_20_14_36_44_527.jpg,C:\Users\pc\Desktop\New folder (2)\IMG\right_2020_08_20_14_36_44_527.jpg,0,0,0,0.002322752
C:\Users\pc\Desktop\New folder (2)\IMG\center_2020_08_20_14_36_44_764.jpg,C:\Users\pc\Desktop\New folder (2)\IMG\left_2020_08_20_14_36_44_764.jpg,C:\Users\pc\Desktop\New folder (2)\IMG\right_2020_08_20_14_36_44_764.jpg,0,0,0,0.06691218
